{
  "Seed": 42,
  "Max epochs set": 50,
  "Train stop at epoch (begins at 0)": 19,
  "Learning rate": 2e-05,
  "Validation accuracy history": {
    "epoch: 0": 0.8052325581395349,
    "epoch: 1": 0.8263081395348837,
    "epoch: 2": 0.8260658914728682,
    "epoch: 3": 0.8357558139534884,
    "epoch: 4": 0.8362403100775194,
    "epoch: 5": 0.8410852713178295,
    "epoch: 6": 0.8435077519379846,
    "epoch: 7": 0.8217054263565892,
    "epoch: 8": 0.8454457364341085,
    "epoch: 9": 0.8519864341085271,
    "epoch: 10": 0.8515019379844961,
    "epoch: 11": 0.843265503875969,
    "epoch: 12": 0.8364825581395349,
    "epoch: 13": 0.8376937984496124,
    "epoch: 14": 0.8345445736434108,
    "epoch: 15": 0.8430232558139535,
    "epoch: 16": 0.8498062015503876,
    "epoch: 17": 0.8444767441860465,
    "epoch: 18": 0.8301841085271318
  },
  "Train loss history": {
    "epoch: 0": 72.89427921921015,
    "epoch: 1": 22.71346967946738,
    "epoch: 2": 14.001636983826756,
    "epoch: 3": 9.399425020674244,
    "epoch: 4": 6.919807415921241,
    "epoch: 5": 4.800939049164299,
    "epoch: 6": 3.833409040234983,
    "epoch: 7": 2.9609444787492976,
    "epoch: 8": 2.3789982987800613,
    "epoch: 9": 2.40055905727786,
    "epoch: 10": 1.9009715444117319,
    "epoch: 11": 1.624218083525193,
    "epoch: 12": 1.37602093424357,
    "epoch: 13": 1.1661673020353192,
    "epoch: 14": 0.9457310622892692,
    "epoch: 15": 1.011696217043209,
    "epoch: 16": 0.8582738730256096,
    "epoch: 17": 0.7060659762573778,
    "epoch: 18": 0.7815166771033546
  },
  "Val loss history": {
    "epoch: 0": 3.8746970649808645,
    "epoch: 1": 3.437563492450863,
    "epoch: 2": 3.412981150788255,
    "epoch: 3": 3.6396465498255566,
    "epoch: 4": 3.9657084158388898,
    "epoch: 5": 4.3145933276973665,
    "epoch: 6": 4.390205029514618,
    "epoch: 7": 4.894518544926541,
    "epoch: 8": 4.653009606292471,
    "epoch: 9": 4.23677523015067,
    "epoch: 10": 4.565302227623761,
    "epoch: 11": 5.0868031939608045,
    "epoch: 12": 5.359972119185841,
    "epoch: 13": 5.149230929207988,
    "epoch: 14": 5.401738111686427,
    "epoch: 15": 5.1804423462454,
    "epoch: 16": 5.551530846307287,
    "epoch: 17": 5.577886063605547,
    "epoch: 18": 5.9121869011141825
  },
  "Learn rate history": {
    "epoch: 0": 2e-05,
    "epoch: 1": 2e-05,
    "epoch: 2": 2e-05,
    "epoch: 3": 2e-05,
    "epoch: 4": 1.86e-05,
    "epoch: 5": 1.86e-05,
    "epoch: 6": 1.7298000000000003e-05,
    "epoch: 7": 1.7298000000000003e-05,
    "epoch: 8": 1.6087140000000003e-05,
    "epoch: 9": 1.6087140000000003e-05,
    "epoch: 10": 1.4961040200000004e-05,
    "epoch: 11": 1.4961040200000004e-05,
    "epoch: 12": 1.3913767386000004e-05,
    "epoch: 13": 1.3913767386000004e-05,
    "epoch: 14": 1.2939803668980004e-05,
    "epoch: 15": 1.2939803668980004e-05,
    "epoch: 16": 1.2034017412151404e-05,
    "epoch: 17": 1.2034017412151404e-05,
    "epoch: 18": 1.1191636193300806e-05
  },
  "Patience set": 10
}