{
  "Seed": 37,
  "Max epochs set": 50,
  "Train stop at epoch (begins at 0)": 34,
  "Learning rate": 2e-05,
  "Validation accuracy history": {
    "epoch: 0": 0.7989341085271318,
    "epoch: 1": 0.7984496124031008,
    "epoch: 2": 0.8372093023255814,
    "epoch: 3": 0.8396317829457365,
    "epoch: 4": 0.8333333333333334,
    "epoch: 5": 0.8401162790697675,
    "epoch: 6": 0.84375,
    "epoch: 7": 0.844718992248062,
    "epoch: 8": 0.8415697674418605,
    "epoch: 9": 0.8367248062015504,
    "epoch: 10": 0.8372093023255814,
    "epoch: 11": 0.8369670542635659,
    "epoch: 12": 0.841812015503876,
    "epoch: 13": 0.8345445736434108,
    "epoch: 14": 0.8468992248062015,
    "epoch: 15": 0.8340600775193798,
    "epoch: 16": 0.8367248062015504,
    "epoch: 17": 0.8338178294573644,
    "epoch: 18": 0.8449612403100775,
    "epoch: 19": 0.841812015503876,
    "epoch: 20": 0.8478682170542635,
    "epoch: 21": 0.8420542635658915,
    "epoch: 22": 0.8343023255813954,
    "epoch: 23": 0.8454457364341085,
    "epoch: 24": 0.8483527131782945,
    "epoch: 25": 0.8435077519379846,
    "epoch: 26": 0.8376937984496124,
    "epoch: 27": 0.8309108527131783,
    "epoch: 28": 0.8406007751937985,
    "epoch: 29": 0.8374515503875969,
    "epoch: 30": 0.8473837209302325,
    "epoch: 31": 0.8386627906976745,
    "epoch: 32": 0.8464147286821705,
    "epoch: 33": 0.840843023255814
  },
  "Train loss history": {
    "epoch: 0": 72.26274999976158,
    "epoch: 1": 22.83887013234198,
    "epoch: 2": 13.782946014311165,
    "epoch: 3": 9.269007492577657,
    "epoch: 4": 6.903892104513943,
    "epoch: 5": 4.998332456452772,
    "epoch: 6": 4.028905112994835,
    "epoch: 7": 3.237703777907882,
    "epoch: 8": 2.7317624506831635,
    "epoch: 9": 2.4835850308882073,
    "epoch: 10": 1.9559736395603977,
    "epoch: 11": 1.5266626650700346,
    "epoch: 12": 1.1763860340142855,
    "epoch: 13": 1.0659364387247479,
    "epoch: 14": 0.9983687597559765,
    "epoch: 15": 0.8448259395518107,
    "epoch: 16": 1.0515097266688826,
    "epoch: 17": 0.7947589042742038,
    "epoch: 18": 0.6734886836929945,
    "epoch: 19": 0.5532257632730762,
    "epoch: 20": 0.6422162887101877,
    "epoch: 21": 0.6115724457267788,
    "epoch: 22": 0.4988085580589541,
    "epoch: 23": 0.5096607843406673,
    "epoch: 24": 0.4689414913445944,
    "epoch: 25": 0.8369357602678065,
    "epoch: 26": 0.4423478126700502,
    "epoch: 27": 0.3488834584932192,
    "epoch: 28": 0.28361561932615587,
    "epoch: 29": 0.26716215607666527,
    "epoch: 30": 0.29431970662699314,
    "epoch: 31": 0.24277901991627004,
    "epoch: 32": 0.24642577852864633,
    "epoch: 33": 0.18138610743517347
  },
  "Val loss history": {
    "epoch: 0": 3.995330346515402,
    "epoch: 1": 3.5976049739401788,
    "epoch: 2": 3.3549997282680124,
    "epoch: 3": 3.6457359462510794,
    "epoch: 4": 3.9777126349508762,
    "epoch: 5": 4.029180491226725,
    "epoch: 6": 4.262979960418306,
    "epoch: 7": 4.565166556451004,
    "epoch: 8": 4.80947742506396,
    "epoch: 9": 4.910500958561897,
    "epoch: 10": 5.074023661087267,
    "epoch: 11": 5.002197162946686,
    "epoch: 12": 5.38920264254557,
    "epoch: 13": 5.33291951357387,
    "epoch: 14": 5.523974098498002,
    "epoch: 15": 5.952800403596484,
    "epoch: 16": 5.704686830562423,
    "epoch: 17": 5.830797738119145,
    "epoch: 18": 5.718177709728479,
    "epoch: 19": 5.871995748777408,
    "epoch: 20": 6.006970452028327,
    "epoch: 21": 5.625908568268642,
    "epoch: 22": 5.874025224708021,
    "epoch: 23": 5.9765497534535825,
    "epoch: 24": 6.155244264678913,
    "epoch: 25": 6.2200676124339225,
    "epoch: 26": 6.281445648215595,
    "epoch: 27": 6.539596001326572,
    "epoch: 28": 6.230733316857368,
    "epoch: 29": 6.473352905384672,
    "epoch: 30": 6.292361974949017,
    "epoch: 31": 6.567873640102334,
    "epoch: 32": 6.474696016171947,
    "epoch: 33": 6.464120942779118
  },
  "Learn rate history": {
    "epoch: 0": 2e-05,
    "epoch: 1": 2e-05,
    "epoch: 2": 2e-05,
    "epoch: 3": 2e-05,
    "epoch: 4": 1.86e-05,
    "epoch: 5": 1.86e-05,
    "epoch: 6": 1.7298000000000003e-05,
    "epoch: 7": 1.7298000000000003e-05,
    "epoch: 8": 1.6087140000000003e-05,
    "epoch: 9": 1.6087140000000003e-05,
    "epoch: 10": 1.4961040200000004e-05,
    "epoch: 11": 1.4961040200000004e-05,
    "epoch: 12": 1.3913767386000004e-05,
    "epoch: 13": 1.3913767386000004e-05,
    "epoch: 14": 1.2939803668980004e-05,
    "epoch: 15": 1.2939803668980004e-05,
    "epoch: 16": 1.2034017412151404e-05,
    "epoch: 17": 1.2034017412151404e-05,
    "epoch: 18": 1.1191636193300806e-05,
    "epoch: 19": 1.1191636193300806e-05,
    "epoch: 20": 1.040822165976975e-05,
    "epoch: 21": 1.040822165976975e-05,
    "epoch: 22": 9.679646143585868e-06,
    "epoch: 23": 9.679646143585868e-06,
    "epoch: 24": 9.002070913534857e-06,
    "epoch: 25": 9.002070913534857e-06,
    "epoch: 26": 8.371925949587418e-06,
    "epoch: 27": 8.371925949587418e-06,
    "epoch: 28": 7.7858911331163e-06,
    "epoch: 29": 7.7858911331163e-06,
    "epoch: 30": 7.240878753798159e-06,
    "epoch: 31": 7.240878753798159e-06,
    "epoch: 32": 6.7340172410322885e-06,
    "epoch: 33": 6.7340172410322885e-06
  },
  "Patience set": 10
}