{
  "Seed": 8,
  "Max epochs set": 50,
  "Train stop at epoch (begins at 0)": 14,
  "Learning rate": 2e-05,
  "Validation accuracy history": {
    "epoch: 0": 0.7684108527131783,
    "epoch: 1": 0.8248546511627907,
    "epoch: 2": 0.8238856589147286,
    "epoch: 3": 0.846172480620155,
    "epoch: 4": 0.8510174418604651,
    "epoch: 5": 0.8253391472868217,
    "epoch: 6": 0.843265503875969,
    "epoch: 7": 0.8250968992248062,
    "epoch: 8": 0.8347868217054264,
    "epoch: 9": 0.846656976744186,
    "epoch: 10": 0.8393895348837209,
    "epoch: 11": 0.8374515503875969,
    "epoch: 12": 0.8234011627906976,
    "epoch: 13": 0.8343023255813954
  },
  "Train loss history": {
    "epoch: 0": 68.00750952772796,
    "epoch: 1": 22.312239937484264,
    "epoch: 2": 13.510278215631843,
    "epoch: 3": 9.483810091158375,
    "epoch: 4": 6.542364854016341,
    "epoch: 5": 5.003590636420995,
    "epoch: 6": 3.8627085084444843,
    "epoch: 7": 3.2255187897826545,
    "epoch: 8": 2.5548972391407005,
    "epoch: 9": 2.0466397335694637,
    "epoch: 10": 1.8670239053753903,
    "epoch: 11": 1.5565198487893213,
    "epoch: 12": 1.2027414751210017,
    "epoch: 13": 1.3031368607043987
  },
  "Val loss history": {
    "epoch: 0": 4.2705677973572165,
    "epoch: 1": 3.504882907262072,
    "epoch: 2": 3.6727462955750525,
    "epoch: 3": 3.5525172874331474,
    "epoch: 4": 3.9455161840305664,
    "epoch: 5": 4.5083050900138915,
    "epoch: 6": 4.214933259179816,
    "epoch: 7": 4.788425594568253,
    "epoch: 8": 4.754787613637745,
    "epoch: 9": 4.965474048163742,
    "epoch: 10": 4.687409418314928,
    "epoch: 11": 5.2846219112107065,
    "epoch: 12": 5.80716294272861,
    "epoch: 13": 5.8197689485459705
  },
  "Learn rate history": {
    "epoch: 0": 2e-05,
    "epoch: 1": 2e-05,
    "epoch: 2": 2e-05,
    "epoch: 3": 2e-05,
    "epoch: 4": 1.86e-05,
    "epoch: 5": 1.86e-05,
    "epoch: 6": 1.7298000000000003e-05,
    "epoch: 7": 1.7298000000000003e-05,
    "epoch: 8": 1.6087140000000003e-05,
    "epoch: 9": 1.6087140000000003e-05,
    "epoch: 10": 1.4961040200000004e-05,
    "epoch: 11": 1.4961040200000004e-05,
    "epoch: 12": 1.3913767386000004e-05,
    "epoch: 13": 1.3913767386000004e-05
  },
  "Patience set": 10
}