{
  "Seed": 37,
  "Max epochs set": 50,
  "Train stop at epoch (begins at 0)": 27,
  "Learning rate": 2e-05,
  "Validation accuracy history": {
    "epoch: 0": 0.8515019379844961,
    "epoch: 1": 0.8701550387596899,
    "epoch: 2": 0.8689437984496124,
    "epoch: 3": 0.8650678294573644,
    "epoch: 4": 0.8631298449612403,
    "epoch: 5": 0.8585271317829457,
    "epoch: 6": 0.8636143410852714,
    "epoch: 7": 0.845203488372093,
    "epoch: 8": 0.8573158914728682,
    "epoch: 9": 0.8638565891472868,
    "epoch: 10": 0.8578003875968992,
    "epoch: 11": 0.8706395348837209,
    "epoch: 12": 0.8674903100775194,
    "epoch: 13": 0.8573158914728682,
    "epoch: 14": 0.875968992248062,
    "epoch: 15": 0.875484496124031,
    "epoch: 16": 0.872093023255814,
    "epoch: 17": 0.8844476744186046,
    "epoch: 18": 0.8699127906976745,
    "epoch: 19": 0.8699127906976745,
    "epoch: 20": 0.8703972868217055,
    "epoch: 21": 0.8660368217054264,
    "epoch: 22": 0.8643410852713178,
    "epoch: 23": 0.8633720930232558,
    "epoch: 24": 0.8728197674418605,
    "epoch: 25": 0.8657945736434108,
    "epoch: 26": 0.8517441860465116
  },
  "Train loss history": {
    "epoch: 0": 50.10185528919101,
    "epoch: 1": 12.327128790551797,
    "epoch: 2": 6.127466387813911,
    "epoch: 3": 3.527866575634107,
    "epoch: 4": 2.206279686826747,
    "epoch: 5": 1.3339903120795498,
    "epoch: 6": 1.096535438176943,
    "epoch: 7": 0.9631244618576602,
    "epoch: 8": 0.7748686582854134,
    "epoch: 9": 0.6790970555484819,
    "epoch: 10": 0.6317514451184252,
    "epoch: 11": 0.44653088520681194,
    "epoch: 12": 0.3025835117059614,
    "epoch: 13": 0.3400458011383307,
    "epoch: 14": 0.40709975914796814,
    "epoch: 15": 0.26543003290407796,
    "epoch: 16": 0.2415198788175985,
    "epoch: 17": 0.19491938504688733,
    "epoch: 18": 0.2759601327106793,
    "epoch: 19": 0.26314911630470306,
    "epoch: 20": 0.1577432046051399,
    "epoch: 21": 0.1775148988226647,
    "epoch: 22": 0.12137548925147712,
    "epoch: 23": 0.23138814814365105,
    "epoch: 24": 0.14750312417345413,
    "epoch: 25": 0.15670737086338704,
    "epoch: 26": 0.12969859918302973
  },
  "Val loss history": {
    "epoch: 0": 50.10185528919101,
    "epoch: 1": 12.327128790551797,
    "epoch: 2": 6.127466387813911,
    "epoch: 3": 3.527866575634107,
    "epoch: 4": 2.206279686826747,
    "epoch: 5": 1.3339903120795498,
    "epoch: 6": 1.096535438176943,
    "epoch: 7": 0.9631244618576602,
    "epoch: 8": 0.7748686582854134,
    "epoch: 9": 0.6790970555484819,
    "epoch: 10": 0.6317514451184252,
    "epoch: 11": 0.44653088520681194,
    "epoch: 12": 0.3025835117059614,
    "epoch: 13": 0.3400458011383307,
    "epoch: 14": 0.40709975914796814,
    "epoch: 15": 0.26543003290407796,
    "epoch: 16": 0.2415198788175985,
    "epoch: 17": 0.19491938504688733,
    "epoch: 18": 0.2759601327106793,
    "epoch: 19": 0.26314911630470306,
    "epoch: 20": 0.1577432046051399,
    "epoch: 21": 0.1775148988226647,
    "epoch: 22": 0.12137548925147712,
    "epoch: 23": 0.23138814814365105,
    "epoch: 24": 0.14750312417345413,
    "epoch: 25": 0.15670737086338704,
    "epoch: 26": 0.12969859918302973
  },
  "Learn rate history": {
    "epoch: 0": 2e-05,
    "epoch: 1": 2e-05,
    "epoch: 2": 2e-05,
    "epoch: 3": 1.86e-05,
    "epoch: 4": 1.86e-05,
    "epoch: 5": 1.7298000000000003e-05,
    "epoch: 6": 1.7298000000000003e-05,
    "epoch: 7": 1.6087140000000003e-05,
    "epoch: 8": 1.6087140000000003e-05,
    "epoch: 9": 1.4961040200000004e-05,
    "epoch: 10": 1.4961040200000004e-05,
    "epoch: 11": 1.3913767386000004e-05,
    "epoch: 12": 1.3913767386000004e-05,
    "epoch: 13": 1.2939803668980004e-05,
    "epoch: 14": 1.2939803668980004e-05,
    "epoch: 15": 1.2034017412151404e-05,
    "epoch: 16": 1.2034017412151404e-05,
    "epoch: 17": 1.1191636193300806e-05,
    "epoch: 18": 1.1191636193300806e-05,
    "epoch: 19": 1.040822165976975e-05,
    "epoch: 20": 1.040822165976975e-05,
    "epoch: 21": 9.679646143585868e-06,
    "epoch: 22": 9.679646143585868e-06,
    "epoch: 23": 9.002070913534857e-06,
    "epoch: 24": 9.002070913534857e-06,
    "epoch: 25": 8.371925949587418e-06,
    "epoch: 26": 8.371925949587418e-06
  },
  "Patience set": 10
}