{
  "Seed": 8,
  "Max epochs set": 50,
  "Train stop at epoch (begins at 0)": 28,
  "Learning rate": 2e-05,
  "Validation accuracy history": {
    "epoch: 0": 0.8534399224806202,
    "epoch: 1": 0.8687015503875969,
    "epoch: 2": 0.8667635658914729,
    "epoch: 3": 0.8650678294573644,
    "epoch: 4": 0.8662790697674418,
    "epoch: 5": 0.8578003875968992,
    "epoch: 6": 0.8594961240310077,
    "epoch: 7": 0.8616763565891473,
    "epoch: 8": 0.8624031007751938,
    "epoch: 9": 0.8716085271317829,
    "epoch: 10": 0.8752422480620154,
    "epoch: 11": 0.8662790697674418,
    "epoch: 12": 0.8716085271317829,
    "epoch: 13": 0.8682170542635659,
    "epoch: 14": 0.8783914728682171,
    "epoch: 15": 0.8752422480620154,
    "epoch: 16": 0.8783914728682171,
    "epoch: 17": 0.8713662790697675,
    "epoch: 18": 0.8786337209302325,
    "epoch: 19": 0.874515503875969,
    "epoch: 20": 0.8752422480620154,
    "epoch: 21": 0.8679748062015504,
    "epoch: 22": 0.8582848837209303,
    "epoch: 23": 0.8655523255813954,
    "epoch: 24": 0.8660368217054264,
    "epoch: 25": 0.8624031007751938,
    "epoch: 26": 0.8689437984496124,
    "epoch: 27": 0.8594961240310077
  },
  "Train loss history": {
    "epoch: 0": 51.86543591413647,
    "epoch: 1": 12.865957690868527,
    "epoch: 2": 6.213113431120291,
    "epoch: 3": 3.661595053388737,
    "epoch: 4": 2.377167530503357,
    "epoch: 5": 1.5161959641918656,
    "epoch: 6": 1.2260221356991678,
    "epoch: 7": 0.7768917751163826,
    "epoch: 8": 0.6490473883204686,
    "epoch: 9": 0.7164754842669936,
    "epoch: 10": 0.5161685955172288,
    "epoch: 11": 0.43631421761347156,
    "epoch: 12": 0.5547395751309523,
    "epoch: 13": 0.44041171974822646,
    "epoch: 14": 0.2743519390342044,
    "epoch: 15": 0.4124934421215585,
    "epoch: 16": 0.38850124372675054,
    "epoch: 17": 0.27875442618005764,
    "epoch: 18": 0.3481160890987667,
    "epoch: 19": 0.25796918456671847,
    "epoch: 20": 0.153585696760274,
    "epoch: 21": 0.1683810814301978,
    "epoch: 22": 0.18605694642519666,
    "epoch: 23": 0.13613722236050307,
    "epoch: 24": 0.09920693491903876,
    "epoch: 25": 0.13034818190044462,
    "epoch: 26": 0.14526228596014334,
    "epoch: 27": 0.13414389030049279
  },
  "Val loss history": {
    "epoch: 0": 51.86543591413647,
    "epoch: 1": 12.865957690868527,
    "epoch: 2": 6.213113431120291,
    "epoch: 3": 3.661595053388737,
    "epoch: 4": 2.377167530503357,
    "epoch: 5": 1.5161959641918656,
    "epoch: 6": 1.2260221356991678,
    "epoch: 7": 0.7768917751163826,
    "epoch: 8": 0.6490473883204686,
    "epoch: 9": 0.7164754842669936,
    "epoch: 10": 0.5161685955172288,
    "epoch: 11": 0.43631421761347156,
    "epoch: 12": 0.5547395751309523,
    "epoch: 13": 0.44041171974822646,
    "epoch: 14": 0.2743519390342044,
    "epoch: 15": 0.4124934421215585,
    "epoch: 16": 0.38850124372675054,
    "epoch: 17": 0.27875442618005764,
    "epoch: 18": 0.3481160890987667,
    "epoch: 19": 0.25796918456671847,
    "epoch: 20": 0.153585696760274,
    "epoch: 21": 0.1683810814301978,
    "epoch: 22": 0.18605694642519666,
    "epoch: 23": 0.13613722236050307,
    "epoch: 24": 0.09920693491903876,
    "epoch: 25": 0.13034818190044462,
    "epoch: 26": 0.14526228596014334,
    "epoch: 27": 0.13414389030049279
  },
  "Learn rate history": {
    "epoch: 0": 2e-05,
    "epoch: 1": 2e-05,
    "epoch: 2": 2e-05,
    "epoch: 3": 2e-05,
    "epoch: 4": 1.86e-05,
    "epoch: 5": 1.86e-05,
    "epoch: 6": 1.7298000000000003e-05,
    "epoch: 7": 1.7298000000000003e-05,
    "epoch: 8": 1.6087140000000003e-05,
    "epoch: 9": 1.6087140000000003e-05,
    "epoch: 10": 1.4961040200000004e-05,
    "epoch: 11": 1.4961040200000004e-05,
    "epoch: 12": 1.3913767386000004e-05,
    "epoch: 13": 1.3913767386000004e-05,
    "epoch: 14": 1.2939803668980004e-05,
    "epoch: 15": 1.2939803668980004e-05,
    "epoch: 16": 1.2034017412151404e-05,
    "epoch: 17": 1.2034017412151404e-05,
    "epoch: 18": 1.1191636193300806e-05,
    "epoch: 19": 1.1191636193300806e-05,
    "epoch: 20": 1.040822165976975e-05,
    "epoch: 21": 1.040822165976975e-05,
    "epoch: 22": 9.679646143585868e-06,
    "epoch: 23": 9.679646143585868e-06,
    "epoch: 24": 9.002070913534857e-06,
    "epoch: 25": 9.002070913534857e-06,
    "epoch: 26": 8.371925949587418e-06,
    "epoch: 27": 8.371925949587418e-06
  },
  "Patience set": 10
}