{
  "Seed": 42,
  "Max epochs set": 50,
  "Train stop at epoch (begins at 0)": 19,
  "Learning rate": 2e-05,
  "Validation accuracy history": {
    "epoch: 0": 0.8376937984496124,
    "epoch: 1": 0.8621608527131783,
    "epoch: 2": 0.8631298449612403,
    "epoch: 3": 0.8713662790697675,
    "epoch: 4": 0.8650678294573644,
    "epoch: 5": 0.8662790697674418,
    "epoch: 6": 0.8650678294573644,
    "epoch: 7": 0.8762112403100775,
    "epoch: 8": 0.8653100775193798,
    "epoch: 9": 0.8771802325581395,
    "epoch: 10": 0.8728197674418605,
    "epoch: 11": 0.8590116279069767,
    "epoch: 12": 0.8672480620155039,
    "epoch: 13": 0.8708817829457365,
    "epoch: 14": 0.8716085271317829,
    "epoch: 15": 0.8568313953488372,
    "epoch: 16": 0.8553779069767442,
    "epoch: 17": 0.8590116279069767,
    "epoch: 18": 0.8609496124031008
  },
  "Train loss history": {
    "epoch: 0": 52.21422719862312,
    "epoch: 1": 12.336116310209036,
    "epoch: 2": 6.273325366782956,
    "epoch: 3": 3.4814447349635884,
    "epoch: 4": 2.201947445020778,
    "epoch: 5": 1.5533796183153754,
    "epoch: 6": 1.0808438741150894,
    "epoch: 7": 0.8991372763121035,
    "epoch: 8": 0.8292302940099034,
    "epoch: 9": 0.7938609391349019,
    "epoch: 10": 0.5442591948431073,
    "epoch: 11": 0.4788501973162056,
    "epoch: 12": 0.32275574698905984,
    "epoch: 13": 0.27401323813137424,
    "epoch: 14": 0.27025459960714215,
    "epoch: 15": 0.37825177328159043,
    "epoch: 16": 0.28018786388929584,
    "epoch: 17": 0.23346424384089914,
    "epoch: 18": 0.3832163655079057
  },
  "Val loss history": {
    "epoch: 0": 2.840673523256555,
    "epoch: 1": 2.438899620610755,
    "epoch: 2": 2.763977386362967,
    "epoch: 3": 2.922364755810122,
    "epoch: 4": 3.404683438679058,
    "epoch: 5": 3.432274807768408,
    "epoch: 6": 3.7757390261549517,
    "epoch: 7": 3.688040179120435,
    "epoch: 8": 3.8372805083563435,
    "epoch: 9": 3.7952393954255967,
    "epoch: 10": 3.8610400682055115,
    "epoch: 11": 4.165202745930856,
    "epoch: 12": 4.343412051771338,
    "epoch: 13": 4.4650060144279,
    "epoch: 14": 4.390646790291612,
    "epoch: 15": 4.543860843787115,
    "epoch: 16": 5.024577192153856,
    "epoch: 17": 4.976427913195948,
    "epoch: 18": 4.5611581772091085
  },
  "Learn rate history": {
    "epoch: 0": 2e-05,
    "epoch: 1": 2e-05,
    "epoch: 2": 2e-05,
    "epoch: 3": 2e-05,
    "epoch: 4": 1.86e-05,
    "epoch: 5": 1.86e-05,
    "epoch: 6": 1.7298000000000003e-05,
    "epoch: 7": 1.7298000000000003e-05,
    "epoch: 8": 1.6087140000000003e-05,
    "epoch: 9": 1.6087140000000003e-05,
    "epoch: 10": 1.4961040200000004e-05,
    "epoch: 11": 1.4961040200000004e-05,
    "epoch: 12": 1.3913767386000004e-05,
    "epoch: 13": 1.3913767386000004e-05,
    "epoch: 14": 1.2939803668980004e-05,
    "epoch: 15": 1.2939803668980004e-05,
    "epoch: 16": 1.2034017412151404e-05,
    "epoch: 17": 1.2034017412151404e-05,
    "epoch: 18": 1.1191636193300806e-05
  },
  "Patience set": 10
}