{
  "Seed": 37,
  "Max epochs set": 50,
  "Train stop at epoch (begins at 0)": 29,
  "Learning rate": 2e-05,
  "Validation accuracy history": {
    "epoch: 0": 0.8493217054263565,
    "epoch: 1": 0.8670058139534884,
    "epoch: 2": 0.8611918604651163,
    "epoch: 3": 0.8713662790697675,
    "epoch: 4": 0.8636143410852714,
    "epoch: 5": 0.8602228682170543,
    "epoch: 6": 0.8621608527131783,
    "epoch: 7": 0.8471414728682171,
    "epoch: 8": 0.874031007751938,
    "epoch: 9": 0.8561046511627907,
    "epoch: 10": 0.8653100775193798,
    "epoch: 11": 0.8662790697674418,
    "epoch: 12": 0.8515019379844961,
    "epoch: 13": 0.8708817829457365,
    "epoch: 14": 0.8822674418604651,
    "epoch: 15": 0.8670058139534884,
    "epoch: 16": 0.876937984496124,
    "epoch: 17": 0.8687015503875969,
    "epoch: 18": 0.8703972868217055,
    "epoch: 19": 0.8832364341085271,
    "epoch: 20": 0.876453488372093,
    "epoch: 21": 0.8798449612403101,
    "epoch: 22": 0.874031007751938,
    "epoch: 23": 0.8713662790697675,
    "epoch: 24": 0.8621608527131783,
    "epoch: 25": 0.8674903100775194,
    "epoch: 26": 0.8689437984496124,
    "epoch: 27": 0.8696705426356589,
    "epoch: 28": 0.8783914728682171
  },
  "Train loss history": {
    "epoch: 0": 50.06737224571407,
    "epoch: 1": 12.464140595169738,
    "epoch: 2": 6.159393260139041,
    "epoch: 3": 3.6003693970269524,
    "epoch: 4": 2.2588101828005165,
    "epoch: 5": 1.3531409395654919,
    "epoch: 6": 1.2064757614716655,
    "epoch: 7": 0.7856880096223904,
    "epoch: 8": 0.7740610176915652,
    "epoch: 9": 0.7547878149307508,
    "epoch: 10": 0.4965007120226801,
    "epoch: 11": 0.4109430119187891,
    "epoch: 12": 0.4610624534161616,
    "epoch: 13": 0.4617248233007558,
    "epoch: 14": 0.5046334511953319,
    "epoch: 15": 0.4823295605565363,
    "epoch: 16": 0.25231923947649193,
    "epoch: 17": 0.17149369740582188,
    "epoch: 18": 0.23171648508377984,
    "epoch: 19": 0.18652307513821142,
    "epoch: 20": 0.15845164565234882,
    "epoch: 21": 0.140841085772081,
    "epoch: 22": 0.12303861061172938,
    "epoch: 23": 0.16520268975091312,
    "epoch: 24": 0.22764560688847268,
    "epoch: 25": 0.15738065469622597,
    "epoch: 26": 0.1373569203092302,
    "epoch: 27": 0.11687784034575088,
    "epoch: 28": 0.13874699263124057
  },
  "Val loss history": {
    "epoch: 0": 2.822010328876786,
    "epoch: 1": 2.4961953228339553,
    "epoch: 2": 2.7439478116866667,
    "epoch: 3": 2.948885744481231,
    "epoch: 4": 3.3997135466197506,
    "epoch: 5": 3.678219044189973,
    "epoch: 6": 3.79292489461659,
    "epoch: 7": 4.520097392466141,
    "epoch: 8": 4.098419144318541,
    "epoch: 9": 4.424090428703494,
    "epoch: 10": 4.369227954730377,
    "epoch: 11": 4.294511743446037,
    "epoch: 12": 4.548985424522471,
    "epoch: 13": 4.324811947881244,
    "epoch: 14": 4.094471931002772,
    "epoch: 15": 4.3887270491550225,
    "epoch: 16": 4.150038395736374,
    "epoch: 17": 4.6426793892865135,
    "epoch: 18": 4.6500201921851385,
    "epoch: 19": 4.254299688457195,
    "epoch: 20": 4.675882497139355,
    "epoch: 21": 4.715544391631738,
    "epoch: 22": 4.777456155745995,
    "epoch: 23": 4.889547825376667,
    "epoch: 24": 5.0816274509265895,
    "epoch: 25": 5.209857693372783,
    "epoch: 26": 5.081968720225632,
    "epoch: 27": 5.017669888554224,
    "epoch: 28": 4.738213231767304
  },
  "Learn rate history": {
    "epoch: 0": 2e-05,
    "epoch: 1": 2e-05,
    "epoch: 2": 2e-05,
    "epoch: 3": 1.86e-05,
    "epoch: 4": 1.86e-05,
    "epoch: 5": 1.7298000000000003e-05,
    "epoch: 6": 1.7298000000000003e-05,
    "epoch: 7": 1.6087140000000003e-05,
    "epoch: 8": 1.6087140000000003e-05,
    "epoch: 9": 1.4961040200000004e-05,
    "epoch: 10": 1.4961040200000004e-05,
    "epoch: 11": 1.3913767386000004e-05,
    "epoch: 12": 1.3913767386000004e-05,
    "epoch: 13": 1.2939803668980004e-05,
    "epoch: 14": 1.2939803668980004e-05,
    "epoch: 15": 1.2034017412151404e-05,
    "epoch: 16": 1.2034017412151404e-05,
    "epoch: 17": 1.1191636193300806e-05,
    "epoch: 18": 1.1191636193300806e-05,
    "epoch: 19": 1.040822165976975e-05,
    "epoch: 20": 1.040822165976975e-05,
    "epoch: 21": 9.679646143585868e-06,
    "epoch: 22": 9.679646143585868e-06,
    "epoch: 23": 9.002070913534857e-06,
    "epoch: 24": 9.002070913534857e-06,
    "epoch: 25": 8.371925949587418e-06,
    "epoch: 26": 8.371925949587418e-06,
    "epoch: 27": 7.7858911331163e-06,
    "epoch: 28": 7.7858911331163e-06
  },
  "Patience set": 10
}