{
  "Seed": 1024,
  "Max epochs set": 50,
  "Train stop at epoch (begins at 0)": 19,
  "Learning rate": 2e-05,
  "Validation accuracy history": {
    "epoch: 0": 0.843265503875969,
    "epoch: 1": 0.8558624031007752,
    "epoch: 2": 0.874515503875969,
    "epoch: 3": 0.8592538759689923,
    "epoch: 4": 0.8638565891472868,
    "epoch: 5": 0.8621608527131783,
    "epoch: 6": 0.8563468992248062,
    "epoch: 7": 0.8723352713178295,
    "epoch: 8": 0.875968992248062,
    "epoch: 9": 0.8856589147286822,
    "epoch: 10": 0.8662790697674418,
    "epoch: 11": 0.874515503875969,
    "epoch: 12": 0.8706395348837209,
    "epoch: 13": 0.8573158914728682,
    "epoch: 14": 0.8638565891472868,
    "epoch: 15": 0.8713662790697675,
    "epoch: 16": 0.8742732558139535,
    "epoch: 17": 0.8793604651162791,
    "epoch: 18": 0.8810562015503876
  },
  "Train loss history": {
    "epoch: 0": 52.6820223024115,
    "epoch: 1": 12.32800338184461,
    "epoch: 2": 6.213241894962266,
    "epoch: 3": 3.4125106551800855,
    "epoch: 4": 2.11047014981159,
    "epoch: 5": 1.4166126688651275,
    "epoch: 6": 1.122487018670654,
    "epoch: 7": 0.9378693883918459,
    "epoch: 8": 0.6711784812869155,
    "epoch: 9": 0.6633779118346865,
    "epoch: 10": 0.5788242482740316,
    "epoch: 11": 0.5263111259591824,
    "epoch: 12": 0.41860994343187485,
    "epoch: 13": 0.41014875446853694,
    "epoch: 14": 0.5196757649518986,
    "epoch: 15": 0.28268420940366923,
    "epoch: 16": 0.18291533973024343,
    "epoch: 17": 0.29788116689087474,
    "epoch: 18": 0.22874246655646857
  },
  "Val loss history": {
    "epoch: 0": 52.6820223024115,
    "epoch: 1": 12.32800338184461,
    "epoch: 2": 6.213241894962266,
    "epoch: 3": 3.4125106551800855,
    "epoch: 4": 2.11047014981159,
    "epoch: 5": 1.4166126688651275,
    "epoch: 6": 1.122487018670654,
    "epoch: 7": 0.9378693883918459,
    "epoch: 8": 0.6711784812869155,
    "epoch: 9": 0.6633779118346865,
    "epoch: 10": 0.5788242482740316,
    "epoch: 11": 0.5263111259591824,
    "epoch: 12": 0.41860994343187485,
    "epoch: 13": 0.41014875446853694,
    "epoch: 14": 0.5196757649518986,
    "epoch: 15": 0.28268420940366923,
    "epoch: 16": 0.18291533973024343,
    "epoch: 17": 0.29788116689087474,
    "epoch: 18": 0.22874246655646857
  },
  "Learn rate history": {
    "epoch: 0": 2e-05,
    "epoch: 1": 2e-05,
    "epoch: 2": 1.86e-05,
    "epoch: 3": 1.86e-05,
    "epoch: 4": 1.7298000000000003e-05,
    "epoch: 5": 1.7298000000000003e-05,
    "epoch: 6": 1.6087140000000003e-05,
    "epoch: 7": 1.6087140000000003e-05,
    "epoch: 8": 1.4961040200000004e-05,
    "epoch: 9": 1.4961040200000004e-05,
    "epoch: 10": 1.3913767386000004e-05,
    "epoch: 11": 1.3913767386000004e-05,
    "epoch: 12": 1.2939803668980004e-05,
    "epoch: 13": 1.2939803668980004e-05,
    "epoch: 14": 1.2034017412151404e-05,
    "epoch: 15": 1.2034017412151404e-05,
    "epoch: 16": 1.1191636193300806e-05,
    "epoch: 17": 1.1191636193300806e-05,
    "epoch: 18": 1.040822165976975e-05
  },
  "Patience set": 10
}