{
  "Seed": 101,
  "Max epochs set": 50,
  "Train stop at epoch (begins at 0)": 20,
  "Learning rate": 2e-05,
  "Validation accuracy history": {
    "epoch: 0": 0.8316375968992248,
    "epoch: 1": 0.8687015503875969,
    "epoch: 2": 0.8570736434108527,
    "epoch: 3": 0.8716085271317829,
    "epoch: 4": 0.875484496124031,
    "epoch: 5": 0.8708817829457365,
    "epoch: 6": 0.8682170542635659,
    "epoch: 7": 0.872577519379845,
    "epoch: 8": 0.8728197674418605,
    "epoch: 9": 0.8708817829457365,
    "epoch: 10": 0.876937984496124,
    "epoch: 11": 0.8592538759689923,
    "epoch: 12": 0.8631298449612403,
    "epoch: 13": 0.8699127906976745,
    "epoch: 14": 0.8703972868217055,
    "epoch: 15": 0.8737887596899225,
    "epoch: 16": 0.8689437984496124,
    "epoch: 17": 0.8728197674418605,
    "epoch: 18": 0.8616763565891473,
    "epoch: 19": 0.8694282945736435
  },
  "Train loss history": {
    "epoch: 0": 50.570560520514846,
    "epoch: 1": 12.070658240001649,
    "epoch: 2": 6.0616775546222925,
    "epoch: 3": 3.392917046265211,
    "epoch: 4": 1.9746627033455297,
    "epoch: 5": 1.528512988355942,
    "epoch: 6": 1.1913779206224717,
    "epoch: 7": 0.906260181160178,
    "epoch: 8": 0.7106552687073417,
    "epoch: 9": 0.6184239616413834,
    "epoch: 10": 0.5989029781158024,
    "epoch: 11": 0.6510192750974966,
    "epoch: 12": 0.4083126672594517,
    "epoch: 13": 0.40146650721544574,
    "epoch: 14": 0.3539825925072364,
    "epoch: 15": 0.34425762830323947,
    "epoch: 16": 0.35005080885548523,
    "epoch: 17": 0.39825889598796493,
    "epoch: 18": 0.46224091383919585,
    "epoch: 19": 0.21385182260291913
  },
  "Val loss history": {
    "epoch: 0": 50.570560520514846,
    "epoch: 1": 12.070658240001649,
    "epoch: 2": 6.0616775546222925,
    "epoch: 3": 3.392917046265211,
    "epoch: 4": 1.9746627033455297,
    "epoch: 5": 1.528512988355942,
    "epoch: 6": 1.1913779206224717,
    "epoch: 7": 0.906260181160178,
    "epoch: 8": 0.7106552687073417,
    "epoch: 9": 0.6184239616413834,
    "epoch: 10": 0.5989029781158024,
    "epoch: 11": 0.6510192750974966,
    "epoch: 12": 0.4083126672594517,
    "epoch: 13": 0.40146650721544574,
    "epoch: 14": 0.3539825925072364,
    "epoch: 15": 0.34425762830323947,
    "epoch: 16": 0.35005080885548523,
    "epoch: 17": 0.39825889598796493,
    "epoch: 18": 0.46224091383919585,
    "epoch: 19": 0.21385182260291913
  },
  "Learn rate history": {
    "epoch: 0": 2e-05,
    "epoch: 1": 2e-05,
    "epoch: 2": 1.86e-05,
    "epoch: 3": 1.86e-05,
    "epoch: 4": 1.7298000000000003e-05,
    "epoch: 5": 1.7298000000000003e-05,
    "epoch: 6": 1.6087140000000003e-05,
    "epoch: 7": 1.6087140000000003e-05,
    "epoch: 8": 1.6087140000000003e-05,
    "epoch: 9": 1.6087140000000003e-05,
    "epoch: 10": 1.4961040200000004e-05,
    "epoch: 11": 1.4961040200000004e-05,
    "epoch: 12": 1.3913767386000004e-05,
    "epoch: 13": 1.3913767386000004e-05,
    "epoch: 14": 1.2939803668980004e-05,
    "epoch: 15": 1.2939803668980004e-05,
    "epoch: 16": 1.2034017412151404e-05,
    "epoch: 17": 1.2034017412151404e-05,
    "epoch: 18": 1.1191636193300806e-05,
    "epoch: 19": 1.1191636193300806e-05
  },
  "Patience set": 10
}