{
  "Seed": 42,
  "Max epochs set": 50,
  "Train stop at epoch (begins at 0)": 18,
  "Learning rate": 2e-05,
  "Validation accuracy history": {
    "epoch: 0": 0.8340600775193798,
    "epoch: 1": 0.8599806201550387,
    "epoch: 2": 0.8621608527131783,
    "epoch: 3": 0.8699127906976745,
    "epoch: 4": 0.8674903100775194,
    "epoch: 5": 0.8747577519379846,
    "epoch: 6": 0.8561046511627907,
    "epoch: 7": 0.8568313953488372,
    "epoch: 8": 0.877906976744186,
    "epoch: 9": 0.8575581395348837,
    "epoch: 10": 0.8728197674418605,
    "epoch: 11": 0.8645833333333334,
    "epoch: 12": 0.8742732558139535,
    "epoch: 13": 0.873062015503876,
    "epoch: 14": 0.8626453488372093,
    "epoch: 15": 0.875,
    "epoch: 16": 0.8624031007751938,
    "epoch: 17": 0.8723352713178295
  },
  "Train loss history": {
    "epoch: 0": 51.898699964396656,
    "epoch: 1": 12.281866966281086,
    "epoch: 2": 6.314698163419962,
    "epoch: 3": 3.497284485551063,
    "epoch: 4": 2.3392468994425144,
    "epoch: 5": 1.4580393769429065,
    "epoch: 6": 1.228993448879919,
    "epoch: 7": 0.8784625931220944,
    "epoch: 8": 0.7584057087551628,
    "epoch: 9": 0.5097485759397387,
    "epoch: 10": 0.521699500237446,
    "epoch: 11": 0.5272158506741107,
    "epoch: 12": 0.6060891353736224,
    "epoch: 13": 0.4205341575489001,
    "epoch: 14": 0.32046036230349273,
    "epoch: 15": 0.3357003803448606,
    "epoch: 16": 0.2816434131946153,
    "epoch: 17": 0.27167077057129063
  },
  "Val loss history": {
    "epoch: 0": 51.898699964396656,
    "epoch: 1": 12.281866966281086,
    "epoch: 2": 6.314698163419962,
    "epoch: 3": 3.497284485551063,
    "epoch: 4": 2.3392468994425144,
    "epoch: 5": 1.4580393769429065,
    "epoch: 6": 1.228993448879919,
    "epoch: 7": 0.8784625931220944,
    "epoch: 8": 0.7584057087551628,
    "epoch: 9": 0.5097485759397387,
    "epoch: 10": 0.521699500237446,
    "epoch: 11": 0.5272158506741107,
    "epoch: 12": 0.6060891353736224,
    "epoch: 13": 0.4205341575489001,
    "epoch: 14": 0.32046036230349273,
    "epoch: 15": 0.3357003803448606,
    "epoch: 16": 0.2816434131946153,
    "epoch: 17": 0.27167077057129063
  },
  "Learn rate history": {
    "epoch: 0": 2e-05,
    "epoch: 1": 2e-05,
    "epoch: 2": 2e-05,
    "epoch: 3": 2e-05,
    "epoch: 4": 1.86e-05,
    "epoch: 5": 1.86e-05,
    "epoch: 6": 1.7298000000000003e-05,
    "epoch: 7": 1.7298000000000003e-05,
    "epoch: 8": 1.6087140000000003e-05,
    "epoch: 9": 1.6087140000000003e-05,
    "epoch: 10": 1.4961040200000004e-05,
    "epoch: 11": 1.4961040200000004e-05,
    "epoch: 12": 1.3913767386000004e-05,
    "epoch: 13": 1.3913767386000004e-05,
    "epoch: 14": 1.2939803668980004e-05,
    "epoch: 15": 1.2939803668980004e-05,
    "epoch: 16": 1.2034017412151404e-05,
    "epoch: 17": 1.2034017412151404e-05
  },
  "Patience set": 10
}