{
  "Seed": 8,
  "Max epochs set": 50,
  "Train stop at epoch (begins at 0)": 20,
  "Learning rate": 2e-05,
  "Validation accuracy history": {
    "epoch: 0": 0.8519864341085271,
    "epoch: 1": 0.872093023255814,
    "epoch: 2": 0.8711240310077519,
    "epoch: 3": 0.8655523255813954,
    "epoch: 4": 0.8674903100775194,
    "epoch: 5": 0.8696705426356589,
    "epoch: 6": 0.8667635658914729,
    "epoch: 7": 0.8699127906976745,
    "epoch: 8": 0.8643410852713178,
    "epoch: 9": 0.8716085271317829,
    "epoch: 10": 0.8846899224806202,
    "epoch: 11": 0.873546511627907,
    "epoch: 12": 0.8682170542635659,
    "epoch: 13": 0.8788759689922481,
    "epoch: 14": 0.877906976744186,
    "epoch: 15": 0.8621608527131783,
    "epoch: 16": 0.8648255813953488,
    "epoch: 17": 0.8805717054263565,
    "epoch: 18": 0.8665213178294574,
    "epoch: 19": 0.8640988372093024
  },
  "Train loss history": {
    "epoch: 0": 52.20869072154164,
    "epoch: 1": 12.817660187371075,
    "epoch: 2": 6.239459467236884,
    "epoch: 3": 3.773707861546427,
    "epoch: 4": 2.3020678027387476,
    "epoch: 5": 1.4954991256599897,
    "epoch: 6": 1.0213835765171098,
    "epoch: 7": 0.9928382483412861,
    "epoch: 8": 0.7999393095451524,
    "epoch: 9": 0.6767929699381057,
    "epoch: 10": 0.5901279787412932,
    "epoch: 11": 0.47479991578438785,
    "epoch: 12": 0.3152755682822317,
    "epoch: 13": 0.31794899021770107,
    "epoch: 14": 0.5663188546423044,
    "epoch: 15": 0.31343737140196026,
    "epoch: 16": 0.22491359247487708,
    "epoch: 17": 0.2848107993577287,
    "epoch: 18": 0.33327795064087695,
    "epoch: 19": 0.25008956426518125
  },
  "Val loss history": {
    "epoch: 0": 2.6767905396409333,
    "epoch: 1": 2.3641249334905297,
    "epoch: 2": 2.548437799036037,
    "epoch: 3": 3.055494078764241,
    "epoch: 4": 3.3561857508320827,
    "epoch: 5": 3.4260924658974545,
    "epoch: 6": 3.8557781724966844,
    "epoch: 7": 3.8121791890007444,
    "epoch: 8": 4.12433990226782,
    "epoch: 9": 4.147564482880625,
    "epoch: 10": 3.8992611653520726,
    "epoch: 11": 4.04563635365048,
    "epoch: 12": 4.394309267901235,
    "epoch: 13": 4.512974654731806,
    "epoch: 14": 4.136888067064319,
    "epoch: 15": 4.318013576349358,
    "epoch: 16": 4.803995425910557,
    "epoch: 17": 4.403726275342024,
    "epoch: 18": 4.371575793244119,
    "epoch: 19": 4.7525082543181725
  },
  "Learn rate history": {
    "epoch: 0": 2e-05,
    "epoch: 1": 2e-05,
    "epoch: 2": 2e-05,
    "epoch: 3": 2e-05,
    "epoch: 4": 1.86e-05,
    "epoch: 5": 1.86e-05,
    "epoch: 6": 1.7298000000000003e-05,
    "epoch: 7": 1.7298000000000003e-05,
    "epoch: 8": 1.6087140000000003e-05,
    "epoch: 9": 1.6087140000000003e-05,
    "epoch: 10": 1.4961040200000004e-05,
    "epoch: 11": 1.4961040200000004e-05,
    "epoch: 12": 1.3913767386000004e-05,
    "epoch: 13": 1.3913767386000004e-05,
    "epoch: 14": 1.2939803668980004e-05,
    "epoch: 15": 1.2939803668980004e-05,
    "epoch: 16": 1.2034017412151404e-05,
    "epoch: 17": 1.2034017412151404e-05,
    "epoch: 18": 1.1191636193300806e-05,
    "epoch: 19": 1.1191636193300806e-05
  },
  "Patience set": 10
}