{
  "Seed": 42,
  "Max epochs set": 50,
  "Train stop at epoch (begins at 0)": 25,
  "Learning rate": 2e-05,
  "Validation accuracy history": {
    "epoch: 0": 0.8531976744186046,
    "epoch: 1": 0.8856589147286822,
    "epoch: 2": 0.873062015503876,
    "epoch: 3": 0.8783914728682171,
    "epoch: 4": 0.8900193798449613,
    "epoch: 5": 0.8832364341085271,
    "epoch: 6": 0.8892926356589147,
    "epoch: 7": 0.8878391472868217,
    "epoch: 8": 0.8859011627906976,
    "epoch: 9": 0.8926841085271318,
    "epoch: 10": 0.8733042635658915,
    "epoch: 11": 0.8796027131782945,
    "epoch: 12": 0.8890503875968992,
    "epoch: 13": 0.8931686046511628,
    "epoch: 14": 0.8866279069767442,
    "epoch: 15": 0.9011627906976745,
    "epoch: 16": 0.8892926356589147,
    "epoch: 17": 0.8921996124031008,
    "epoch: 18": 0.8987403100775194,
    "epoch: 19": 0.8829941860465116,
    "epoch: 20": 0.8965600775193798,
    "epoch: 21": 0.8924418604651163,
    "epoch: 22": 0.8844476744186046,
    "epoch: 23": 0.8711240310077519,
    "epoch: 24": 0.8958333333333334
  },
  "Train loss history": {
    "epoch: 0": 51.173466147854924,
    "epoch: 1": 13.004859525710344,
    "epoch: 2": 7.274173219921067,
    "epoch: 3": 4.695115439244546,
    "epoch: 4": 3.1957134481926914,
    "epoch: 5": 2.366118397912942,
    "epoch: 6": 1.8831219763087574,
    "epoch: 7": 1.4705619368178304,
    "epoch: 8": 1.1816809634619858,
    "epoch: 9": 1.1998156294430373,
    "epoch: 10": 0.844636426125362,
    "epoch: 11": 0.8964556063583586,
    "epoch: 12": 0.7193856357189361,
    "epoch: 13": 0.5768105860151991,
    "epoch: 14": 0.519509869034664,
    "epoch: 15": 0.4698494146905432,
    "epoch: 16": 0.4438276127111749,
    "epoch: 17": 0.3024161960966012,
    "epoch: 18": 0.40731571436845115,
    "epoch: 19": 0.36290843803362804,
    "epoch: 20": 0.35091337313497206,
    "epoch: 21": 0.23638841316824255,
    "epoch: 22": 0.27595552070852136,
    "epoch: 23": 0.25477853984193644,
    "epoch: 24": 0.2534412709210301
  },
  "Val loss history": {
    "epoch: 0": 51.173466147854924,
    "epoch: 1": 13.004859525710344,
    "epoch: 2": 7.274173219921067,
    "epoch: 3": 4.695115439244546,
    "epoch: 4": 3.1957134481926914,
    "epoch: 5": 2.366118397912942,
    "epoch: 6": 1.8831219763087574,
    "epoch: 7": 1.4705619368178304,
    "epoch: 8": 1.1816809634619858,
    "epoch: 9": 1.1998156294430373,
    "epoch: 10": 0.844636426125362,
    "epoch: 11": 0.8964556063583586,
    "epoch: 12": 0.7193856357189361,
    "epoch: 13": 0.5768105860151991,
    "epoch: 14": 0.519509869034664,
    "epoch: 15": 0.4698494146905432,
    "epoch: 16": 0.4438276127111749,
    "epoch: 17": 0.3024161960966012,
    "epoch: 18": 0.40731571436845115,
    "epoch: 19": 0.36290843803362804,
    "epoch: 20": 0.35091337313497206,
    "epoch: 21": 0.23638841316824255,
    "epoch: 22": 0.27595552070852136,
    "epoch: 23": 0.25477853984193644,
    "epoch: 24": 0.2534412709210301
  },
  "Learn rate history": {
    "epoch: 0": 2e-05,
    "epoch: 1": 2e-05,
    "epoch: 2": 2e-05,
    "epoch: 3": 2e-05,
    "epoch: 4": 2e-05,
    "epoch: 5": 1.86e-05,
    "epoch: 6": 1.86e-05,
    "epoch: 7": 1.86e-05,
    "epoch: 8": 1.7298000000000003e-05,
    "epoch: 9": 1.7298000000000003e-05,
    "epoch: 10": 1.6087140000000003e-05,
    "epoch: 11": 1.6087140000000003e-05,
    "epoch: 12": 1.4961040200000004e-05,
    "epoch: 13": 1.4961040200000004e-05,
    "epoch: 14": 1.3913767386000004e-05,
    "epoch: 15": 1.3913767386000004e-05,
    "epoch: 16": 1.2939803668980004e-05,
    "epoch: 17": 1.2939803668980004e-05,
    "epoch: 18": 1.2034017412151404e-05,
    "epoch: 19": 1.2034017412151404e-05,
    "epoch: 20": 1.1191636193300806e-05,
    "epoch: 21": 1.1191636193300806e-05,
    "epoch: 22": 1.040822165976975e-05,
    "epoch: 23": 1.040822165976975e-05,
    "epoch: 24": 9.679646143585868e-06
  },
  "Patience set": 10
}