{
  "Seed": 1024,
  "Max epochs set": 50,
  "Train stop at epoch (begins at 0)": 13,
  "Learning rate": 2e-05,
  "Validation accuracy history": {
    "epoch: 0": 0.8561046511627907,
    "epoch: 1": 0.8844476744186046,
    "epoch: 2": 0.8941375968992248,
    "epoch: 3": 0.8982558139534884,
    "epoch: 4": 0.872577519379845,
    "epoch: 5": 0.8968023255813954,
    "epoch: 6": 0.8946220930232558,
    "epoch: 7": 0.8924418604651163,
    "epoch: 8": 0.8788759689922481,
    "epoch: 9": 0.8900193798449613,
    "epoch: 10": 0.8951065891472868,
    "epoch: 11": 0.8948643410852714,
    "epoch: 12": 0.8941375968992248
  },
  "Train loss history": {
    "epoch: 0": 54.68114155996591,
    "epoch: 1": 13.025660590268672,
    "epoch: 2": 7.503102059476078,
    "epoch: 3": 4.801550900912844,
    "epoch: 4": 3.0699865609931294,
    "epoch: 5": 2.1914610139792785,
    "epoch: 6": 1.8737033740908373,
    "epoch: 7": 1.5285423761670245,
    "epoch: 8": 1.2509794471843634,
    "epoch: 9": 1.1855266104685143,
    "epoch: 10": 0.9744436129112728,
    "epoch: 11": 0.9518613130494487,
    "epoch: 12": 0.7824233486098819
  },
  "Val loss history": {
    "epoch: 0": 54.68114155996591,
    "epoch: 1": 13.025660590268672,
    "epoch: 2": 7.503102059476078,
    "epoch: 3": 4.801550900912844,
    "epoch: 4": 3.0699865609931294,
    "epoch: 5": 2.1914610139792785,
    "epoch: 6": 1.8737033740908373,
    "epoch: 7": 1.5285423761670245,
    "epoch: 8": 1.2509794471843634,
    "epoch: 9": 1.1855266104685143,
    "epoch: 10": 0.9744436129112728,
    "epoch: 11": 0.9518613130494487,
    "epoch: 12": 0.7824233486098819
  },
  "Learn rate history": {
    "epoch: 0": 2e-05,
    "epoch: 1": 2e-05,
    "epoch: 2": 2e-05,
    "epoch: 3": 1.86e-05,
    "epoch: 4": 1.86e-05,
    "epoch: 5": 1.86e-05,
    "epoch: 6": 1.86e-05,
    "epoch: 7": 1.7298000000000003e-05,
    "epoch: 8": 1.7298000000000003e-05,
    "epoch: 9": 1.6087140000000003e-05,
    "epoch: 10": 1.6087140000000003e-05,
    "epoch: 11": 1.4961040200000004e-05,
    "epoch: 12": 1.4961040200000004e-05
  },
  "Patience set": 10
}