{
  "Seed": 37,
  "Max epochs set": 50,
  "Train stop at epoch (begins at 0)": 15,
  "Learning rate": 2e-05,
  "Validation accuracy history": {
    "epoch: 0": 0.8464147286821705,
    "epoch: 1": 0.8682170542635659,
    "epoch: 2": 0.8856589147286822,
    "epoch: 3": 0.8781492248062015,
    "epoch: 4": 0.8897771317829457,
    "epoch: 5": 0.8997093023255814,
    "epoch: 6": 0.8883236434108527,
    "epoch: 7": 0.8912306201550387,
    "epoch: 8": 0.8883236434108527,
    "epoch: 9": 0.8909883720930233,
    "epoch: 10": 0.8873546511627907,
    "epoch: 11": 0.8851744186046512,
    "epoch: 12": 0.8706395348837209,
    "epoch: 13": 0.8938953488372093,
    "epoch: 14": 0.875
  },
  "Train loss history": {
    "epoch: 0": 52.07719376217574,
    "epoch: 1": 13.083705535624176,
    "epoch: 2": 7.247507646447048,
    "epoch: 3": 4.845109009300359,
    "epoch: 4": 3.406875168788247,
    "epoch: 5": 2.4228337442618795,
    "epoch: 6": 1.78020521219878,
    "epoch: 7": 1.503950231926865,
    "epoch: 8": 1.2386920269491384,
    "epoch: 9": 0.9480754217147478,
    "epoch: 10": 0.770783392348676,
    "epoch: 11": 0.8752609252842376,
    "epoch: 12": 0.6192166967157391,
    "epoch: 13": 0.7179805012856377,
    "epoch: 14": 0.5821560183794645
  },
  "Val loss history": {
    "epoch: 0": 2.635371237178333,
    "epoch: 1": 2.3322919602505863,
    "epoch: 2": 2.3209241928125266,
    "epoch: 3": 2.647601245655096,
    "epoch: 4": 2.6460883184336126,
    "epoch: 5": 2.6253798789330176,
    "epoch: 6": 3.0083909346503788,
    "epoch: 7": 3.068919943725632,
    "epoch: 8": 3.2360453573419363,
    "epoch: 9": 3.0964905335058575,
    "epoch: 10": 3.476397844424355,
    "epoch: 11": 3.388004926931899,
    "epoch: 12": 3.909217160557091,
    "epoch: 13": 3.494792547666293,
    "epoch: 14": 3.9152380086925405
  },
  "Learn rate history": {
    "epoch: 0": 2e-05,
    "epoch: 1": 2e-05,
    "epoch: 2": 2e-05,
    "epoch: 3": 2e-05,
    "epoch: 4": 1.86e-05,
    "epoch: 5": 1.86e-05,
    "epoch: 6": 1.7298000000000003e-05,
    "epoch: 7": 1.7298000000000003e-05,
    "epoch: 8": 1.6087140000000003e-05,
    "epoch: 9": 1.6087140000000003e-05,
    "epoch: 10": 1.6087140000000003e-05,
    "epoch: 11": 1.4961040200000004e-05,
    "epoch: 12": 1.4961040200000004e-05,
    "epoch: 13": 1.3913767386000004e-05,
    "epoch: 14": 1.3913767386000004e-05
  },
  "Patience set": 10
}