{
  "Seed": 101,
  "Max epochs set": 50,
  "Train stop at epoch (begins at 0)": 14,
  "Learning rate": 2e-05,
  "Validation accuracy history": {
    "epoch: 0": 0.8343023255813954,
    "epoch: 1": 0.8810562015503876,
    "epoch: 2": 0.8941375968992248,
    "epoch: 3": 0.8854166666666666,
    "epoch: 4": 0.8982558139534884,
    "epoch: 5": 0.8844476744186046,
    "epoch: 6": 0.8895348837209303,
    "epoch: 7": 0.8793604651162791,
    "epoch: 8": 0.877422480620155,
    "epoch: 9": 0.8941375968992248,
    "epoch: 10": 0.8800872093023255,
    "epoch: 11": 0.8781492248062015,
    "epoch: 12": 0.8733042635658915,
    "epoch: 13": 0.8905038759689923
  },
  "Train loss history": {
    "epoch: 0": 53.99818997643888,
    "epoch: 1": 13.206233546603471,
    "epoch: 2": 7.3975673471577466,
    "epoch: 3": 4.510146085754968,
    "epoch: 4": 3.2253078863432165,
    "epoch: 5": 2.319750483467942,
    "epoch: 6": 1.7363161836983636,
    "epoch: 7": 1.415836482134182,
    "epoch: 8": 1.2232629859063309,
    "epoch: 9": 0.9818143958400469,
    "epoch: 10": 0.9546744922918151,
    "epoch: 11": 0.7722098321319208,
    "epoch: 12": 0.8162171001240495,
    "epoch: 13": 0.7012413284173817
  },
  "Val loss history": {
    "epoch: 0": 2.7768241408630274,
    "epoch: 1": 2.2109028825943824,
    "epoch: 2": 2.1899107208737405,
    "epoch: 3": 2.5016336996341124,
    "epoch: 4": 2.6415282817106345,
    "epoch: 5": 2.7323304010133143,
    "epoch: 6": 3.1111395918705966,
    "epoch: 7": 3.3250779507434345,
    "epoch: 8": 3.5710630313406,
    "epoch: 9": 3.3454911274748156,
    "epoch: 10": 3.468236167642317,
    "epoch: 11": 3.8061500660442107,
    "epoch: 12": 3.683810261603867,
    "epoch: 13": 3.2752706299288548
  },
  "Learn rate history": {
    "epoch: 0": 2e-05,
    "epoch: 1": 2e-05,
    "epoch: 2": 2e-05,
    "epoch: 3": 2e-05,
    "epoch: 4": 1.86e-05,
    "epoch: 5": 1.86e-05,
    "epoch: 6": 1.7298000000000003e-05,
    "epoch: 7": 1.7298000000000003e-05,
    "epoch: 8": 1.6087140000000003e-05,
    "epoch: 9": 1.6087140000000003e-05,
    "epoch: 10": 1.4961040200000004e-05,
    "epoch: 11": 1.4961040200000004e-05,
    "epoch: 12": 1.3913767386000004e-05,
    "epoch: 13": 1.3913767386000004e-05
  },
  "Patience set": 10
}