{
  "Seed": 42,
  "Max epochs set": 50,
  "Train stop at epoch (begins at 0)": 21,
  "Learning rate": 2e-05,
  "Validation accuracy history": {
    "epoch: 0": 0.8563468992248062,
    "epoch: 1": 0.8684593023255814,
    "epoch: 2": 0.8689437984496124,
    "epoch: 3": 0.8817829457364341,
    "epoch: 4": 0.8931686046511628,
    "epoch: 5": 0.8902616279069767,
    "epoch: 6": 0.8948643410852714,
    "epoch: 7": 0.873546511627907,
    "epoch: 8": 0.8965600775193798,
    "epoch: 9": 0.8902616279069767,
    "epoch: 10": 0.8885658914728682,
    "epoch: 11": 0.90625,
    "epoch: 12": 0.877422480620155,
    "epoch: 13": 0.8953488372093024,
    "epoch: 14": 0.8989825581395349,
    "epoch: 15": 0.8951065891472868,
    "epoch: 16": 0.9004360465116279,
    "epoch: 17": 0.8938953488372093,
    "epoch: 18": 0.8846899224806202,
    "epoch: 19": 0.8875968992248062,
    "epoch: 20": 0.8815406976744186
  },
  "Train loss history": {
    "epoch: 0": 50.70124332047999,
    "epoch: 1": 12.801768699660897,
    "epoch: 2": 7.236169418669306,
    "epoch: 3": 4.624970869044773,
    "epoch: 4": 3.2887725477921776,
    "epoch: 5": 2.3127536340325605,
    "epoch: 6": 1.7151672311738366,
    "epoch: 7": 1.5032711038074922,
    "epoch: 8": 0.9790980224788655,
    "epoch: 9": 1.0001503060921095,
    "epoch: 10": 0.7638524996946217,
    "epoch: 11": 0.8803160887182457,
    "epoch: 12": 0.7128405093899346,
    "epoch: 13": 0.7541771769392653,
    "epoch: 14": 0.5989261497015832,
    "epoch: 15": 0.39170536594610894,
    "epoch: 16": 0.6041097820962023,
    "epoch: 17": 0.5382303330225113,
    "epoch: 18": 0.5837637274307781,
    "epoch: 19": 0.48652300679532345,
    "epoch: 20": 0.21729862362371932
  },
  "Val loss history": {
    "epoch: 0": 2.522400866204407,
    "epoch: 1": 2.383976028067991,
    "epoch: 2": 2.5616209970903583,
    "epoch: 3": 2.4641426429443527,
    "epoch: 4": 2.585233332552889,
    "epoch: 5": 2.6597730497960583,
    "epoch: 6": 2.9561391647876007,
    "epoch: 7": 3.5905128418817185,
    "epoch: 8": 3.1546102182473987,
    "epoch: 9": 3.2425194454008306,
    "epoch: 10": 3.3270049398270203,
    "epoch: 11": 2.981988265091786,
    "epoch: 12": 3.71628676679029,
    "epoch: 13": 3.371617183314811,
    "epoch: 14": 3.304806239420941,
    "epoch: 15": 3.4242800098818407,
    "epoch: 16": 3.4580608776868758,
    "epoch: 17": 3.3385639278858434,
    "epoch: 18": 3.750232599132687,
    "epoch: 19": 3.65014551999775,
    "epoch: 20": 4.159873858088304
  },
  "Learn rate history": {
    "epoch: 0": 2e-05,
    "epoch: 1": 2e-05,
    "epoch: 2": 2e-05,
    "epoch: 3": 2e-05,
    "epoch: 4": 2e-05,
    "epoch: 5": 1.86e-05,
    "epoch: 6": 1.86e-05,
    "epoch: 7": 1.7298000000000003e-05,
    "epoch: 8": 1.7298000000000003e-05,
    "epoch: 9": 1.6087140000000003e-05,
    "epoch: 10": 1.6087140000000003e-05,
    "epoch: 11": 1.4961040200000004e-05,
    "epoch: 12": 1.4961040200000004e-05,
    "epoch: 13": 1.3913767386000004e-05,
    "epoch: 14": 1.3913767386000004e-05,
    "epoch: 15": 1.3913767386000004e-05,
    "epoch: 16": 1.3913767386000004e-05,
    "epoch: 17": 1.3913767386000004e-05,
    "epoch: 18": 1.3913767386000004e-05,
    "epoch: 19": 1.2939803668980004e-05,
    "epoch: 20": 1.2939803668980004e-05
  },
  "Patience set": 10
}