{
  "Seed": 8,
  "Max epochs set": 50,
  "Train stop at epoch (begins at 0)": 18,
  "Learning rate": 2e-05,
  "Validation accuracy history": {
    "epoch: 0": 0.8381782945736435,
    "epoch: 1": 0.8766957364341085,
    "epoch: 2": 0.8849321705426356,
    "epoch: 3": 0.8854166666666666,
    "epoch: 4": 0.8880813953488372,
    "epoch: 5": 0.8859011627906976,
    "epoch: 6": 0.8863856589147286,
    "epoch: 7": 0.8883236434108527,
    "epoch: 8": 0.8948643410852714,
    "epoch: 9": 0.8934108527131783,
    "epoch: 10": 0.8786337209302325,
    "epoch: 11": 0.8805717054263565,
    "epoch: 12": 0.8839631782945736,
    "epoch: 13": 0.8837209302325582,
    "epoch: 14": 0.8849321705426356,
    "epoch: 15": 0.8895348837209303,
    "epoch: 16": 0.8883236434108527,
    "epoch: 17": 0.8929263565891473
  },
  "Train loss history": {
    "epoch: 0": 51.6947066783905,
    "epoch: 1": 12.939641639590263,
    "epoch: 2": 7.46634365839418,
    "epoch: 3": 4.763782076362986,
    "epoch: 4": 3.1021218052192125,
    "epoch: 5": 2.300804807804525,
    "epoch: 6": 1.8250511990336236,
    "epoch: 7": 1.3730803596699843,
    "epoch: 8": 1.2170832461270038,
    "epoch: 9": 0.9914860829885583,
    "epoch: 10": 0.8830684064523666,
    "epoch: 11": 0.8067786268366035,
    "epoch: 12": 0.5993815689580515,
    "epoch: 13": 0.6748591846771888,
    "epoch: 14": 0.6209254765490186,
    "epoch: 15": 0.5376359035581117,
    "epoch: 16": 0.33806105747135007,
    "epoch: 17": 0.39057279867120087
  },
  "Val loss history": {
    "epoch: 0": 51.6947066783905,
    "epoch: 1": 12.939641639590263,
    "epoch: 2": 7.46634365839418,
    "epoch: 3": 4.763782076362986,
    "epoch: 4": 3.1021218052192125,
    "epoch: 5": 2.300804807804525,
    "epoch: 6": 1.8250511990336236,
    "epoch: 7": 1.3730803596699843,
    "epoch: 8": 1.2170832461270038,
    "epoch: 9": 0.9914860829885583,
    "epoch: 10": 0.8830684064523666,
    "epoch: 11": 0.8067786268366035,
    "epoch: 12": 0.5993815689580515,
    "epoch: 13": 0.6748591846771888,
    "epoch: 14": 0.6209254765490186,
    "epoch: 15": 0.5376359035581117,
    "epoch: 16": 0.33806105747135007,
    "epoch: 17": 0.39057279867120087
  },
  "Learn rate history": {
    "epoch: 0": 2e-05,
    "epoch: 1": 2e-05,
    "epoch: 2": 2e-05,
    "epoch: 3": 1.86e-05,
    "epoch: 4": 1.86e-05,
    "epoch: 5": 1.7298000000000003e-05,
    "epoch: 6": 1.7298000000000003e-05,
    "epoch: 7": 1.6087140000000003e-05,
    "epoch: 8": 1.6087140000000003e-05,
    "epoch: 9": 1.4961040200000004e-05,
    "epoch: 10": 1.4961040200000004e-05,
    "epoch: 11": 1.3913767386000004e-05,
    "epoch: 12": 1.3913767386000004e-05,
    "epoch: 13": 1.2939803668980004e-05,
    "epoch: 14": 1.2939803668980004e-05,
    "epoch: 15": 1.2034017412151404e-05,
    "epoch: 16": 1.2034017412151404e-05,
    "epoch: 17": 1.1191636193300806e-05
  },
  "Patience set": 10
}