{
  "Seed": 37,
  "Max epochs set": 50,
  "Train stop at epoch (begins at 0)": 33,
  "Learning rate": 2e-05,
  "Validation accuracy history": {
    "epoch: 0": 0.8398740310077519,
    "epoch: 1": 0.8628875968992248,
    "epoch: 2": 0.8880813953488372,
    "epoch: 3": 0.8827519379844961,
    "epoch: 4": 0.8788759689922481,
    "epoch: 5": 0.8747577519379846,
    "epoch: 6": 0.8880813953488372,
    "epoch: 7": 0.8844476744186046,
    "epoch: 8": 0.8883236434108527,
    "epoch: 9": 0.8800872093023255,
    "epoch: 10": 0.8885658914728682,
    "epoch: 11": 0.874031007751938,
    "epoch: 12": 0.8875968992248062,
    "epoch: 13": 0.8733042635658915,
    "epoch: 14": 0.8752422480620154,
    "epoch: 15": 0.8921996124031008,
    "epoch: 16": 0.875968992248062,
    "epoch: 17": 0.8934108527131783,
    "epoch: 18": 0.8808139534883721,
    "epoch: 19": 0.8667635658914729,
    "epoch: 20": 0.8846899224806202,
    "epoch: 21": 0.8856589147286822,
    "epoch: 22": 0.8810562015503876,
    "epoch: 23": 0.8936531007751938,
    "epoch: 24": 0.8919573643410853,
    "epoch: 25": 0.8861434108527132,
    "epoch: 26": 0.8914728682170543,
    "epoch: 27": 0.8861434108527132,
    "epoch: 28": 0.8863856589147286,
    "epoch: 29": 0.8849321705426356,
    "epoch: 30": 0.8892926356589147,
    "epoch: 31": 0.8888081395348837,
    "epoch: 32": 0.8924418604651163
  },
  "Train loss history": {
    "epoch: 0": 51.765769988298416,
    "epoch: 1": 12.954262905754149,
    "epoch: 2": 7.140252627898008,
    "epoch: 3": 4.852797733503394,
    "epoch: 4": 3.445631335489452,
    "epoch: 5": 2.383050535543589,
    "epoch: 6": 1.864735714843846,
    "epoch: 7": 1.366920552929514,
    "epoch: 8": 1.125495373897138,
    "epoch: 9": 0.830128738329222,
    "epoch: 10": 0.7336457134588272,
    "epoch: 11": 0.8568584517634008,
    "epoch: 12": 0.6843622559099458,
    "epoch: 13": 0.6778556861390825,
    "epoch: 14": 0.5329128297089483,
    "epoch: 15": 0.5868519106297754,
    "epoch: 16": 0.4430428232808481,
    "epoch: 17": 0.44502638849735376,
    "epoch: 18": 0.3357370818630443,
    "epoch: 19": 0.38734757850761525,
    "epoch: 20": 0.23947523281640315,
    "epoch: 21": 0.2686163473754277,
    "epoch: 22": 0.22700563692706055,
    "epoch: 23": 0.16701594759251748,
    "epoch: 24": 0.34849803402357793,
    "epoch: 25": 0.16682484668854158,
    "epoch: 26": 0.23930876394661027,
    "epoch: 27": 0.18583458007924492,
    "epoch: 28": 0.15555188167490996,
    "epoch: 29": 0.22548280377486662,
    "epoch: 30": 0.10193248097675678,
    "epoch: 31": 0.09661214923562511,
    "epoch: 32": 0.11583597440403537
  },
  "Val loss history": {
    "epoch: 0": 51.765769988298416,
    "epoch: 1": 12.954262905754149,
    "epoch: 2": 7.140252627898008,
    "epoch: 3": 4.852797733503394,
    "epoch: 4": 3.445631335489452,
    "epoch: 5": 2.383050535543589,
    "epoch: 6": 1.864735714843846,
    "epoch: 7": 1.366920552929514,
    "epoch: 8": 1.125495373897138,
    "epoch: 9": 0.830128738329222,
    "epoch: 10": 0.7336457134588272,
    "epoch: 11": 0.8568584517634008,
    "epoch: 12": 0.6843622559099458,
    "epoch: 13": 0.6778556861390825,
    "epoch: 14": 0.5329128297089483,
    "epoch: 15": 0.5868519106297754,
    "epoch: 16": 0.4430428232808481,
    "epoch: 17": 0.44502638849735376,
    "epoch: 18": 0.3357370818630443,
    "epoch: 19": 0.38734757850761525,
    "epoch: 20": 0.23947523281640315,
    "epoch: 21": 0.2686163473754277,
    "epoch: 22": 0.22700563692706055,
    "epoch: 23": 0.16701594759251748,
    "epoch: 24": 0.34849803402357793,
    "epoch: 25": 0.16682484668854158,
    "epoch: 26": 0.23930876394661027,
    "epoch: 27": 0.18583458007924492,
    "epoch: 28": 0.15555188167490996,
    "epoch: 29": 0.22548280377486662,
    "epoch: 30": 0.10193248097675678,
    "epoch: 31": 0.09661214923562511,
    "epoch: 32": 0.11583597440403537
  },
  "Learn rate history": {
    "epoch: 0": 2e-05,
    "epoch: 1": 2e-05,
    "epoch: 2": 2e-05,
    "epoch: 3": 2e-05,
    "epoch: 4": 2e-05,
    "epoch: 5": 1.86e-05,
    "epoch: 6": 1.86e-05,
    "epoch: 7": 1.7298000000000003e-05,
    "epoch: 8": 1.7298000000000003e-05,
    "epoch: 9": 1.6087140000000003e-05,
    "epoch: 10": 1.6087140000000003e-05,
    "epoch: 11": 1.4961040200000004e-05,
    "epoch: 12": 1.4961040200000004e-05,
    "epoch: 13": 1.3913767386000004e-05,
    "epoch: 14": 1.3913767386000004e-05,
    "epoch: 15": 1.2939803668980004e-05,
    "epoch: 16": 1.2939803668980004e-05,
    "epoch: 17": 1.2034017412151404e-05,
    "epoch: 18": 1.2034017412151404e-05,
    "epoch: 19": 1.1191636193300806e-05,
    "epoch: 20": 1.1191636193300806e-05,
    "epoch: 21": 1.040822165976975e-05,
    "epoch: 22": 1.040822165976975e-05,
    "epoch: 23": 9.679646143585868e-06,
    "epoch: 24": 9.679646143585868e-06,
    "epoch: 25": 9.002070913534857e-06,
    "epoch: 26": 9.002070913534857e-06,
    "epoch: 27": 8.371925949587418e-06,
    "epoch: 28": 8.371925949587418e-06,
    "epoch: 29": 7.7858911331163e-06,
    "epoch: 30": 7.7858911331163e-06,
    "epoch: 31": 7.240878753798159e-06,
    "epoch: 32": 7.240878753798159e-06
  },
  "Patience set": 10
}