{
  "Seed": 101,
  "Max epochs set": 50,
  "Train stop at epoch (begins at 0)": 16,
  "Learning rate": 2e-05,
  "Validation accuracy history": {
    "epoch: 0": 0.8345445736434108,
    "epoch: 1": 0.8873546511627907,
    "epoch: 2": 0.8902616279069767,
    "epoch: 3": 0.8844476744186046,
    "epoch: 4": 0.8897771317829457,
    "epoch: 5": 0.8909883720930233,
    "epoch: 6": 0.8982558139534884,
    "epoch: 7": 0.8892926356589147,
    "epoch: 8": 0.8776647286821705,
    "epoch: 9": 0.8878391472868217,
    "epoch: 10": 0.8820251937984496,
    "epoch: 11": 0.8931686046511628,
    "epoch: 12": 0.8846899224806202,
    "epoch: 13": 0.8859011627906976,
    "epoch: 14": 0.8849321705426356,
    "epoch: 15": 0.8968023255813954
  },
  "Train loss history": {
    "epoch: 0": 53.47492385562509,
    "epoch: 1": 13.246384099125862,
    "epoch: 2": 7.127736714202911,
    "epoch: 3": 4.594445817521773,
    "epoch: 4": 3.1903354126843624,
    "epoch: 5": 2.4180745809571818,
    "epoch: 6": 1.8477725076954812,
    "epoch: 7": 1.3762489434157033,
    "epoch: 8": 1.1910339335299795,
    "epoch: 9": 0.8897785888257204,
    "epoch: 10": 0.9224474373404519,
    "epoch: 11": 0.9355487796565285,
    "epoch: 12": 0.9309908913928666,
    "epoch: 13": 0.5164549718283524,
    "epoch: 14": 0.620723610787536,
    "epoch: 15": 0.47172832808064413
  },
  "Val loss history": {
    "epoch: 0": 53.47492385562509,
    "epoch: 1": 13.246384099125862,
    "epoch: 2": 7.127736714202911,
    "epoch: 3": 4.594445817521773,
    "epoch: 4": 3.1903354126843624,
    "epoch: 5": 2.4180745809571818,
    "epoch: 6": 1.8477725076954812,
    "epoch: 7": 1.3762489434157033,
    "epoch: 8": 1.1910339335299795,
    "epoch: 9": 0.8897785888257204,
    "epoch: 10": 0.9224474373404519,
    "epoch: 11": 0.9355487796565285,
    "epoch: 12": 0.9309908913928666,
    "epoch: 13": 0.5164549718283524,
    "epoch: 14": 0.620723610787536,
    "epoch: 15": 0.47172832808064413
  },
  "Learn rate history": {
    "epoch: 0": 2e-05,
    "epoch: 1": 2e-05,
    "epoch: 2": 2e-05,
    "epoch: 3": 2e-05,
    "epoch: 4": 1.86e-05,
    "epoch: 5": 1.86e-05,
    "epoch: 6": 1.7298000000000003e-05,
    "epoch: 7": 1.7298000000000003e-05,
    "epoch: 8": 1.6087140000000003e-05,
    "epoch: 9": 1.6087140000000003e-05,
    "epoch: 10": 1.6087140000000003e-05,
    "epoch: 11": 1.6087140000000003e-05,
    "epoch: 12": 1.4961040200000004e-05,
    "epoch: 13": 1.4961040200000004e-05,
    "epoch: 14": 1.3913767386000004e-05,
    "epoch: 15": 1.3913767386000004e-05
  },
  "Patience set": 10
}