{
  "Seed": 8,
  "Max epochs set": 50,
  "Train stop at epoch (begins at 0)": 24,
  "Learning rate": 2e-05,
  "Validation accuracy history": {
    "epoch: 0": 0.840843023255814,
    "epoch: 1": 0.876937984496124,
    "epoch: 2": 0.8856589147286822,
    "epoch: 3": 0.8902616279069767,
    "epoch: 4": 0.8793604651162791,
    "epoch: 5": 0.8897771317829457,
    "epoch: 6": 0.8854166666666666,
    "epoch: 7": 0.8875968992248062,
    "epoch: 8": 0.8856589147286822,
    "epoch: 9": 0.8960755813953488,
    "epoch: 10": 0.8900193798449613,
    "epoch: 11": 0.8926841085271318,
    "epoch: 12": 0.8972868217054264,
    "epoch: 13": 0.8955910852713178,
    "epoch: 14": 0.9028585271317829,
    "epoch: 15": 0.8905038759689923,
    "epoch: 16": 0.8917151162790697,
    "epoch: 17": 0.8902616279069767,
    "epoch: 18": 0.8968023255813954,
    "epoch: 19": 0.876453488372093,
    "epoch: 20": 0.8931686046511628,
    "epoch: 21": 0.8909883720930233,
    "epoch: 22": 0.8951065891472868,
    "epoch: 23": 0.8895348837209303
  },
  "Train loss history": {
    "epoch: 0": 50.981768934987485,
    "epoch: 1": 12.699844108428806,
    "epoch: 2": 7.360689491615631,
    "epoch: 3": 4.771750294137746,
    "epoch: 4": 3.5760110841074493,
    "epoch: 5": 2.3370139662001748,
    "epoch: 6": 1.9191850373754278,
    "epoch: 7": 1.4986656354740262,
    "epoch: 8": 1.1740552958362969,
    "epoch: 9": 1.0171792233159067,
    "epoch: 10": 0.838110525321099,
    "epoch: 11": 0.865832000708906,
    "epoch: 12": 0.7424420467650634,
    "epoch: 13": 0.6068712339765625,
    "epoch: 14": 0.43152112889583805,
    "epoch: 15": 0.5421259113536507,
    "epoch: 16": 0.4681669910096389,
    "epoch: 17": 0.46515559365434456,
    "epoch: 18": 0.29198610028106486,
    "epoch: 19": 0.33752671405818546,
    "epoch: 20": 0.3406054898241564,
    "epoch: 21": 0.3301209675373684,
    "epoch: 22": 0.25185174754187756,
    "epoch: 23": 0.2587829567855806
  },
  "Val loss history": {
    "epoch: 0": 2.7668849017936736,
    "epoch: 1": 2.2828722036792897,
    "epoch: 2": 2.389833096298389,
    "epoch: 3": 2.470193154294975,
    "epoch: 4": 2.7958771294361213,
    "epoch: 5": 2.9843332166201435,
    "epoch: 6": 2.924123558710562,
    "epoch: 7": 3.211965209007758,
    "epoch: 8": 3.2531869759659457,
    "epoch: 9": 3.3764738643731107,
    "epoch: 10": 3.532782190359285,
    "epoch: 11": 3.376443475988708,
    "epoch: 12": 3.3677520250457746,
    "epoch: 13": 3.4168771069489594,
    "epoch: 14": 3.5408478756071418,
    "epoch: 15": 3.690468510305436,
    "epoch: 16": 3.645516933826002,
    "epoch: 17": 3.838970036005776,
    "epoch: 18": 3.7443670637912874,
    "epoch: 19": 4.078832378313564,
    "epoch: 20": 4.016547486783111,
    "epoch: 21": 4.0578666949877515,
    "epoch: 22": 4.046774310603723,
    "epoch: 23": 4.228669818312483
  },
  "Learn rate history": {
    "epoch: 0": 2e-05,
    "epoch: 1": 2e-05,
    "epoch: 2": 2e-05,
    "epoch: 3": 2e-05,
    "epoch: 4": 2e-05,
    "epoch: 5": 1.86e-05,
    "epoch: 6": 1.86e-05,
    "epoch: 7": 1.7298000000000003e-05,
    "epoch: 8": 1.7298000000000003e-05,
    "epoch: 9": 1.6087140000000003e-05,
    "epoch: 10": 1.6087140000000003e-05,
    "epoch: 11": 1.4961040200000004e-05,
    "epoch: 12": 1.4961040200000004e-05,
    "epoch: 13": 1.3913767386000004e-05,
    "epoch: 14": 1.3913767386000004e-05,
    "epoch: 15": 1.2939803668980004e-05,
    "epoch: 16": 1.2939803668980004e-05,
    "epoch: 17": 1.2034017412151404e-05,
    "epoch: 18": 1.2034017412151404e-05,
    "epoch: 19": 1.1191636193300806e-05,
    "epoch: 20": 1.1191636193300806e-05,
    "epoch: 21": 1.040822165976975e-05,
    "epoch: 22": 1.040822165976975e-05,
    "epoch: 23": 9.679646143585868e-06
  },
  "Patience set": 10
}