{
  "Seed": 1024,
  "Max epochs set": 50,
  "Train stop at epoch (begins at 0)": 17,
  "Learning rate": 2e-05,
  "Validation accuracy history": {
    "epoch: 0": 0.9031007751937985,
    "epoch: 1": 0.903343023255814,
    "epoch: 2": 0.9227228682170543,
    "epoch: 3": 0.9193313953488372,
    "epoch: 4": 0.9055232558139535,
    "epoch: 5": 0.9118217054263565,
    "epoch: 6": 0.9229651162790697,
    "epoch: 7": 0.9251453488372093,
    "epoch: 8": 0.9125484496124031,
    "epoch: 9": 0.9210271317829457,
    "epoch: 10": 0.9200581395348837,
    "epoch: 11": 0.9152131782945736,
    "epoch: 12": 0.9169089147286822,
    "epoch: 13": 0.9159399224806202,
    "epoch: 14": 0.9219961240310077,
    "epoch: 15": 0.9113372093023255,
    "epoch: 16": 0.9089147286821705
  },
  "Train loss history": {
    "epoch: 0": 38.19940238632262,
    "epoch: 1": 8.822323413332924,
    "epoch: 2": 5.334196624695323,
    "epoch: 3": 3.48822299472522,
    "epoch: 4": 2.441612506750971,
    "epoch: 5": 1.8234902294934727,
    "epoch: 6": 1.4111828065942973,
    "epoch: 7": 1.3939245791407302,
    "epoch: 8": 1.1164905335317599,
    "epoch: 9": 0.9270148012947175,
    "epoch: 10": 0.7225029566325247,
    "epoch: 11": 0.6341513586885412,
    "epoch: 12": 0.763781489993562,
    "epoch: 13": 0.6129791833736817,
    "epoch: 14": 0.48058392193343025,
    "epoch: 15": 0.4423041098052636,
    "epoch: 16": 0.5022265539701039
  },
  "Val loss history": {
    "epoch: 0": 2.0490066576749086,
    "epoch: 1": 1.7133506104291882,
    "epoch: 2": 1.6697365905274637,
    "epoch: 3": 1.76662603369914,
    "epoch: 4": 2.201854695151269,
    "epoch: 5": 2.2214439691088046,
    "epoch: 6": 2.0176868292910513,
    "epoch: 7": 2.0774694493811694,
    "epoch: 8": 2.448348276753677,
    "epoch: 9": 2.5080218925213558,
    "epoch: 10": 2.3101439573365496,
    "epoch: 11": 2.5197475347304135,
    "epoch: 12": 2.60656308887701,
    "epoch: 13": 2.6677623711439082,
    "epoch: 14": 2.6560406606495235,
    "epoch: 15": 2.939041796405945,
    "epoch: 16": 2.7537974513525114
  },
  "Learn rate history": {
    "epoch: 0": 2e-05,
    "epoch: 1": 2e-05,
    "epoch: 2": 2e-05,
    "epoch: 3": 1.86e-05,
    "epoch: 4": 1.86e-05,
    "epoch: 5": 1.7298000000000003e-05,
    "epoch: 6": 1.7298000000000003e-05,
    "epoch: 7": 1.6087140000000003e-05,
    "epoch: 8": 1.6087140000000003e-05,
    "epoch: 9": 1.4961040200000004e-05,
    "epoch: 10": 1.4961040200000004e-05,
    "epoch: 11": 1.3913767386000004e-05,
    "epoch: 12": 1.3913767386000004e-05,
    "epoch: 13": 1.2939803668980004e-05,
    "epoch: 14": 1.2939803668980004e-05,
    "epoch: 15": 1.2034017412151404e-05,
    "epoch: 16": 1.2034017412151404e-05
  },
  "Patience set": 10
}