{
  "Seed": 37,
  "Max epochs set": 50,
  "Train stop at epoch (begins at 0)": 12,
  "Learning rate": 2e-05,
  "Validation accuracy history": {
    "epoch: 0": 0.9137596899224806,
    "epoch: 1": 0.9183624031007752,
    "epoch: 2": 0.9241763565891473,
    "epoch: 3": 0.9118217054263565,
    "epoch: 4": 0.9110949612403101,
    "epoch: 5": 0.9147286821705426,
    "epoch: 6": 0.9152131782945736,
    "epoch: 7": 0.9181201550387597,
    "epoch: 8": 0.9178779069767442,
    "epoch: 9": 0.9120639534883721,
    "epoch: 10": 0.9188468992248062,
    "epoch: 11": 0.9001937984496124
  },
  "Train loss history": {
    "epoch: 0": 37.860075200907886,
    "epoch: 1": 9.008805683115497,
    "epoch: 2": 5.061854169471189,
    "epoch: 3": 3.4868701135274023,
    "epoch: 4": 2.181707610434387,
    "epoch: 5": 1.8632246534980368,
    "epoch: 6": 1.470447547850199,
    "epoch: 7": 1.4931374417210463,
    "epoch: 8": 1.2778828525042627,
    "epoch: 9": 1.122075453211437,
    "epoch: 10": 0.7966713522328064,
    "epoch: 11": 1.0177520620636642
  },
  "Val loss history": {
    "epoch: 0": 1.85510411078576,
    "epoch: 1": 1.6222916204715148,
    "epoch: 2": 1.5922224801033735,
    "epoch: 3": 1.9370824773941422,
    "epoch: 4": 2.029293552201125,
    "epoch: 5": 2.281928099182551,
    "epoch: 6": 2.304781044142146,
    "epoch: 7": 2.3080819882670767,
    "epoch: 8": 2.446840474556666,
    "epoch: 9": 2.4660446673115075,
    "epoch: 10": 2.440777577830886,
    "epoch: 11": 2.6834936299273977
  },
  "Learn rate history": {
    "epoch: 0": 2e-05,
    "epoch: 1": 2e-05,
    "epoch: 2": 2e-05,
    "epoch: 3": 1.86e-05,
    "epoch: 4": 1.86e-05,
    "epoch: 5": 1.86e-05,
    "epoch: 6": 1.7298000000000003e-05,
    "epoch: 7": 1.7298000000000003e-05,
    "epoch: 8": 1.6087140000000003e-05,
    "epoch: 9": 1.6087140000000003e-05,
    "epoch: 10": 1.4961040200000004e-05,
    "epoch: 11": 1.4961040200000004e-05
  },
  "Patience set": 10
}