{
  "Seed": 42,
  "Max epochs set": 50,
  "Train stop at epoch (begins at 0)": 19,
  "Learning rate": 2e-05,
  "Validation accuracy history": {
    "epoch: 0": 0.7126937984496124,
    "epoch: 1": 0.8011143410852714,
    "epoch: 2": 0.8277616279069767,
    "epoch: 3": 0.8357558139534884,
    "epoch: 4": 0.8226744186046512,
    "epoch: 5": 0.8221899224806202,
    "epoch: 6": 0.8546511627906976,
    "epoch: 7": 0.8357558139534884,
    "epoch: 8": 0.8345445736434108,
    "epoch: 9": 0.8548934108527132,
    "epoch: 10": 0.8345445736434108,
    "epoch: 11": 0.8536821705426356,
    "epoch: 12": 0.8468992248062015,
    "epoch: 13": 0.8396317829457365,
    "epoch: 14": 0.844718992248062,
    "epoch: 15": 0.841327519379845,
    "epoch: 16": 0.8512596899224806,
    "epoch: 17": 0.8476259689922481,
    "epoch: 18": 0.8406007751937985
  },
  "Train loss history": {
    "epoch: 0": 100.74912447482347,
    "epoch: 1": 28.886365316808224,
    "epoch: 2": 16.85263130068779,
    "epoch: 3": 10.893295385874808,
    "epoch: 4": 7.606289911083877,
    "epoch: 5": 5.597515382920392,
    "epoch: 6": 4.13140804739669,
    "epoch: 7": 3.111459507723339,
    "epoch: 8": 2.4496519040549174,
    "epoch: 9": 1.996471646009013,
    "epoch: 10": 1.7864825434517115,
    "epoch: 11": 1.2778871213668026,
    "epoch: 12": 1.1581625069084112,
    "epoch: 13": 1.129204925877275,
    "epoch: 14": 0.9246419527044054,
    "epoch: 15": 0.9058775889716344,
    "epoch: 16": 0.8401727597956778,
    "epoch: 17": 0.5657197973050643,
    "epoch: 18": 0.5977236357139191
  },
  "Val loss history": {
    "epoch: 0": 5.215344817377627,
    "epoch: 1": 3.632433384656906,
    "epoch: 2": 3.4071276960894465,
    "epoch: 3": 3.407163901021704,
    "epoch: 4": 3.5280227524926886,
    "epoch: 5": 3.9413901696098037,
    "epoch: 6": 3.7420495587866753,
    "epoch: 7": 4.066393898654496,
    "epoch: 8": 4.368753968068631,
    "epoch: 9": 3.99310953290842,
    "epoch: 10": 4.574533446095302,
    "epoch: 11": 4.429306420031935,
    "epoch: 12": 4.792139898519963,
    "epoch: 13": 5.061760818818584,
    "epoch: 14": 4.725119028465997,
    "epoch: 15": 4.5169143384555355,
    "epoch: 16": 4.893312464875635,
    "epoch: 17": 4.932478099130094,
    "epoch: 18": 5.146901977379457
  },
  "Learn rate history": {
    "epoch: 0": 2e-05,
    "epoch: 1": 2e-05,
    "epoch: 2": 2e-05,
    "epoch: 3": 2e-05,
    "epoch: 4": 1.86e-05,
    "epoch: 5": 1.86e-05,
    "epoch: 6": 1.7298000000000003e-05,
    "epoch: 7": 1.7298000000000003e-05,
    "epoch: 8": 1.6087140000000003e-05,
    "epoch: 9": 1.6087140000000003e-05,
    "epoch: 10": 1.4961040200000004e-05,
    "epoch: 11": 1.4961040200000004e-05,
    "epoch: 12": 1.3913767386000004e-05,
    "epoch: 13": 1.3913767386000004e-05,
    "epoch: 14": 1.2939803668980004e-05,
    "epoch: 15": 1.2939803668980004e-05,
    "epoch: 16": 1.2034017412151404e-05,
    "epoch: 17": 1.2034017412151404e-05,
    "epoch: 18": 1.1191636193300806e-05
  },
  "Patience set": 10
}