{
  "Seed": 8,
  "Max epochs set": 50,
  "Train stop at epoch (begins at 0)": 36,
  "Learning rate": 2e-05,
  "Validation accuracy history": {
    "epoch: 0": 0.7306201550387597,
    "epoch: 1": 0.811531007751938,
    "epoch: 2": 0.815406976744186,
    "epoch: 3": 0.8224321705426356,
    "epoch: 4": 0.8221899224806202,
    "epoch: 5": 0.8430232558139535,
    "epoch: 6": 0.8248546511627907,
    "epoch: 7": 0.8449612403100775,
    "epoch: 8": 0.8524709302325582,
    "epoch: 9": 0.8464147286821705,
    "epoch: 10": 0.8444767441860465,
    "epoch: 11": 0.840843023255814,
    "epoch: 12": 0.8493217054263565,
    "epoch: 13": 0.8539244186046512,
    "epoch: 14": 0.842296511627907,
    "epoch: 15": 0.8505329457364341,
    "epoch: 16": 0.8449612403100775,
    "epoch: 17": 0.8340600775193798,
    "epoch: 18": 0.8410852713178295,
    "epoch: 19": 0.8343023255813954,
    "epoch: 20": 0.8255813953488372,
    "epoch: 21": 0.8468992248062015,
    "epoch: 22": 0.8393895348837209,
    "epoch: 23": 0.8551356589147286,
    "epoch: 24": 0.8527131782945736,
    "epoch: 25": 0.8485949612403101,
    "epoch: 26": 0.8592538759689923,
    "epoch: 27": 0.8468992248062015,
    "epoch: 28": 0.8505329457364341,
    "epoch: 29": 0.8548934108527132,
    "epoch: 30": 0.8393895348837209,
    "epoch: 31": 0.844234496124031,
    "epoch: 32": 0.8439922480620154,
    "epoch: 33": 0.8459302325581395,
    "epoch: 34": 0.8539244186046512,
    "epoch: 35": 0.8553779069767442
  },
  "Train loss history": {
    "epoch: 0": 92.57640270516276,
    "epoch: 1": 26.769445000216365,
    "epoch: 2": 15.789674187079072,
    "epoch: 3": 10.27219347981736,
    "epoch: 4": 6.830877564614639,
    "epoch: 5": 5.168869656627066,
    "epoch: 6": 4.0612802596297115,
    "epoch: 7": 3.0127741268952377,
    "epoch: 8": 2.4284446464735083,
    "epoch: 9": 1.965342284180224,
    "epoch: 10": 1.9132348866842221,
    "epoch: 11": 1.3520289562584367,
    "epoch: 12": 0.9689149820478633,
    "epoch: 13": 1.0314203862508293,
    "epoch: 14": 0.9081646105478285,
    "epoch: 15": 0.6494068399770185,
    "epoch: 16": 0.5764607163000619,
    "epoch: 17": 0.4491266133991303,
    "epoch: 18": 0.5535964853188489,
    "epoch: 19": 0.5653397649075487,
    "epoch: 20": 0.44806282181525603,
    "epoch: 21": 0.39293630502652377,
    "epoch: 22": 0.3684925627094344,
    "epoch: 23": 0.3509111804269196,
    "epoch: 24": 0.3436786782476702,
    "epoch: 25": 0.36552491934708087,
    "epoch: 26": 0.2528016232208756,
    "epoch: 27": 0.2114506004836585,
    "epoch: 28": 0.21296748244640185,
    "epoch: 29": 0.22011345691862516,
    "epoch: 30": 0.202115111391322,
    "epoch: 31": 0.20467937541980064,
    "epoch: 32": 0.1501845296133979,
    "epoch: 33": 0.12407336962678528,
    "epoch: 34": 0.16524672986088262,
    "epoch: 35": 0.10614152092966833
  },
  "Val loss history": {
    "epoch: 0": 4.90813556779176,
    "epoch: 1": 3.676993306260556,
    "epoch: 2": 3.4302839557640254,
    "epoch: 3": 3.46259649109561,
    "epoch: 4": 3.6135908948490396,
    "epoch: 5": 3.6690318800974637,
    "epoch: 6": 3.923466541862581,
    "epoch: 7": 3.9143999603111297,
    "epoch: 8": 3.9067603771109134,
    "epoch: 9": 4.126451984571759,
    "epoch: 10": 4.364839476183988,
    "epoch: 11": 4.677425348869292,
    "epoch: 12": 4.586463723448105,
    "epoch: 13": 4.568415767789702,
    "epoch: 14": 4.8959690875708475,
    "epoch: 15": 4.720911574768252,
    "epoch: 16": 5.158018014742993,
    "epoch: 17": 5.291676787230244,
    "epoch: 18": 5.280715898334165,
    "epoch: 19": 5.368593126346241,
    "epoch: 20": 5.736141168457834,
    "epoch: 21": 5.315076293230959,
    "epoch: 22": 5.43898648871982,
    "epoch: 23": 5.053530789278739,
    "epoch: 24": 5.2040143956037355,
    "epoch: 25": 5.094093886698829,
    "epoch: 26": 4.996011406245088,
    "epoch: 27": 5.333614967772519,
    "epoch: 28": 5.246272980450158,
    "epoch: 29": 5.207226939081011,
    "epoch: 30": 5.6656792474841495,
    "epoch: 31": 5.38111899350406,
    "epoch: 32": 5.667350039733719,
    "epoch: 33": 5.917463724131267,
    "epoch: 34": 5.567972337531501,
    "epoch: 35": 5.475978863937598
  },
  "Learn rate history": {
    "epoch: 0": 2e-05,
    "epoch: 1": 2e-05,
    "epoch: 2": 2e-05,
    "epoch: 3": 2e-05,
    "epoch: 4": 2e-05,
    "epoch: 5": 1.86e-05,
    "epoch: 6": 1.86e-05,
    "epoch: 7": 1.7298000000000003e-05,
    "epoch: 8": 1.7298000000000003e-05,
    "epoch: 9": 1.6087140000000003e-05,
    "epoch: 10": 1.6087140000000003e-05,
    "epoch: 11": 1.4961040200000004e-05,
    "epoch: 12": 1.4961040200000004e-05,
    "epoch: 13": 1.3913767386000004e-05,
    "epoch: 14": 1.3913767386000004e-05,
    "epoch: 15": 1.2939803668980004e-05,
    "epoch: 16": 1.2939803668980004e-05,
    "epoch: 17": 1.2034017412151404e-05,
    "epoch: 18": 1.2034017412151404e-05,
    "epoch: 19": 1.1191636193300806e-05,
    "epoch: 20": 1.1191636193300806e-05,
    "epoch: 21": 1.040822165976975e-05,
    "epoch: 22": 1.040822165976975e-05,
    "epoch: 23": 9.679646143585868e-06,
    "epoch: 24": 9.679646143585868e-06,
    "epoch: 25": 9.002070913534857e-06,
    "epoch: 26": 9.002070913534857e-06,
    "epoch: 27": 8.371925949587418e-06,
    "epoch: 28": 8.371925949587418e-06,
    "epoch: 29": 7.7858911331163e-06,
    "epoch: 30": 7.7858911331163e-06,
    "epoch: 31": 7.240878753798159e-06,
    "epoch: 32": 7.240878753798159e-06,
    "epoch: 33": 6.7340172410322885e-06,
    "epoch: 34": 6.7340172410322885e-06,
    "epoch: 35": 6.262636034160028e-06
  },
  "Patience set": 10
}