{
  "Seed": 37,
  "Max epochs set": 50,
  "Train stop at epoch (begins at 0)": 26,
  "Learning rate": 2e-05,
  "Validation accuracy history": {
    "epoch: 0": 0.7405523255813954,
    "epoch: 1": 0.8088662790697675,
    "epoch: 2": 0.8255813953488372,
    "epoch: 3": 0.8178294573643411,
    "epoch: 4": 0.8384205426356589,
    "epoch: 5": 0.8430232558139535,
    "epoch: 6": 0.846656976744186,
    "epoch: 7": 0.844234496124031,
    "epoch: 8": 0.841327519379845,
    "epoch: 9": 0.8396317829457365,
    "epoch: 10": 0.841327519379845,
    "epoch: 11": 0.845203488372093,
    "epoch: 12": 0.8471414728682171,
    "epoch: 13": 0.8459302325581395,
    "epoch: 14": 0.846172480620155,
    "epoch: 15": 0.8439922480620154,
    "epoch: 16": 0.8614341085271318,
    "epoch: 17": 0.8531976744186046,
    "epoch: 18": 0.8495639534883721,
    "epoch: 19": 0.8464147286821705,
    "epoch: 20": 0.8515019379844961,
    "epoch: 21": 0.8478682170542635,
    "epoch: 22": 0.8376937984496124,
    "epoch: 23": 0.8490794573643411,
    "epoch: 24": 0.8517441860465116,
    "epoch: 25": 0.8398740310077519
  },
  "Train loss history": {
    "epoch: 0": 92.68093540146947,
    "epoch: 1": 27.41907363012433,
    "epoch: 2": 15.693411016836762,
    "epoch: 3": 10.238977374043316,
    "epoch: 4": 6.9184660848695785,
    "epoch: 5": 5.072616890538484,
    "epoch: 6": 3.559826724580489,
    "epoch: 7": 2.6311886702897027,
    "epoch: 8": 2.2402921869652346,
    "epoch: 9": 1.976668312563561,
    "epoch: 10": 1.5806537846510764,
    "epoch: 11": 1.6098538031801581,
    "epoch: 12": 1.2611182606924558,
    "epoch: 13": 1.1650045271380804,
    "epoch: 14": 1.0066589785856195,
    "epoch: 15": 0.6461062786984257,
    "epoch: 16": 0.6611224296648288,
    "epoch: 17": 0.5982107693707803,
    "epoch: 18": 0.5196776428056182,
    "epoch: 19": 0.5145119848384638,
    "epoch: 20": 0.3810705321302521,
    "epoch: 21": 0.41362539229157846,
    "epoch: 22": 0.4802832332352409,
    "epoch: 23": 0.34798783554288093,
    "epoch: 24": 0.3495113077296992,
    "epoch: 25": 0.310643535307463
  },
  "Val loss history": {
    "epoch: 0": 4.94556309748441,
    "epoch: 1": 3.7120288049336523,
    "epoch: 2": 3.5074408114887774,
    "epoch: 3": 3.6628010149579495,
    "epoch: 4": 3.538952473551035,
    "epoch: 5": 3.6656092556659132,
    "epoch: 6": 3.8282640248071402,
    "epoch: 7": 4.049557748512598,
    "epoch: 8": 4.172607382322894,
    "epoch: 9": 4.620130447030533,
    "epoch: 10": 4.639681512111565,
    "epoch: 11": 4.428601224324666,
    "epoch: 12": 5.0315592378610745,
    "epoch: 13": 4.504267288968549,
    "epoch: 14": 4.598318463773467,
    "epoch: 15": 4.972862987953704,
    "epoch: 16": 4.715946831856854,
    "epoch: 17": 4.982672072947025,
    "epoch: 18": 5.17152207903564,
    "epoch: 19": 5.001847091596574,
    "epoch: 20": 5.124457168305526,
    "epoch: 21": 5.338389724507579,
    "epoch: 22": 5.537673457758501,
    "epoch: 23": 5.227850621435209,
    "epoch: 24": 5.0547881772508845,
    "epoch: 25": 5.567319523310289
  },
  "Learn rate history": {
    "epoch: 0": 2e-05,
    "epoch: 1": 2e-05,
    "epoch: 2": 2e-05,
    "epoch: 3": 1.86e-05,
    "epoch: 4": 1.86e-05,
    "epoch: 5": 1.7298000000000003e-05,
    "epoch: 6": 1.7298000000000003e-05,
    "epoch: 7": 1.6087140000000003e-05,
    "epoch: 8": 1.6087140000000003e-05,
    "epoch: 9": 1.4961040200000004e-05,
    "epoch: 10": 1.4961040200000004e-05,
    "epoch: 11": 1.3913767386000004e-05,
    "epoch: 12": 1.3913767386000004e-05,
    "epoch: 13": 1.2939803668980004e-05,
    "epoch: 14": 1.2939803668980004e-05,
    "epoch: 15": 1.2034017412151404e-05,
    "epoch: 16": 1.2034017412151404e-05,
    "epoch: 17": 1.1191636193300806e-05,
    "epoch: 18": 1.1191636193300806e-05,
    "epoch: 19": 1.040822165976975e-05,
    "epoch: 20": 1.040822165976975e-05,
    "epoch: 21": 9.679646143585868e-06,
    "epoch: 22": 9.679646143585868e-06,
    "epoch: 23": 9.002070913534857e-06,
    "epoch: 24": 9.002070913534857e-06,
    "epoch: 25": 8.371925949587418e-06
  },
  "Patience set": 10
}