{
  "Seed": 101,
  "Max epochs set": 50,
  "Train stop at epoch (begins at 0)": 18,
  "Learning rate": 2e-05,
  "Validation accuracy history": {
    "epoch: 0": 0.7739825581395349,
    "epoch: 1": 0.8083817829457365,
    "epoch: 2": 0.8204941860465116,
    "epoch: 3": 0.8357558139534884,
    "epoch: 4": 0.8420542635658915,
    "epoch: 5": 0.8335755813953488,
    "epoch: 6": 0.840843023255814,
    "epoch: 7": 0.8374515503875969,
    "epoch: 8": 0.8498062015503876,
    "epoch: 9": 0.8374515503875969,
    "epoch: 10": 0.8364825581395349,
    "epoch: 11": 0.844234496124031,
    "epoch: 12": 0.8454457364341085,
    "epoch: 13": 0.846172480620155,
    "epoch: 14": 0.8401162790697675,
    "epoch: 15": 0.8485949612403101,
    "epoch: 16": 0.8304263565891473,
    "epoch: 17": 0.8374515503875969
  },
  "Train loss history": {
    "epoch: 0": 70.39825941994786,
    "epoch: 1": 22.91843176074326,
    "epoch: 2": 13.883253265172243,
    "epoch: 3": 9.689505803398788,
    "epoch: 4": 6.6673519149189815,
    "epoch: 5": 5.235008236253634,
    "epoch: 6": 3.958502985769883,
    "epoch: 7": 3.2135249972052407,
    "epoch: 8": 2.807744187884964,
    "epoch: 9": 1.9540534630650654,
    "epoch: 10": 2.158203759303433,
    "epoch: 11": 1.6181579228723422,
    "epoch: 12": 1.2320253576908726,
    "epoch: 13": 1.1041867876047036,
    "epoch: 14": 1.1980363144830335,
    "epoch: 15": 0.9297102384807658,
    "epoch: 16": 0.7451697264841641,
    "epoch: 17": 0.8193407357030082
  },
  "Val loss history": {
    "epoch: 0": 4.217923662159592,
    "epoch: 1": 3.612168275518343,
    "epoch: 2": 3.59072629280854,
    "epoch: 3": 3.5681901124771684,
    "epoch: 4": 4.005979064386338,
    "epoch: 5": 4.190114330500364,
    "epoch: 6": 4.467917439062148,
    "epoch: 7": 4.53436488378793,
    "epoch: 8": 4.4352531880140305,
    "epoch: 9": 4.875098005286418,
    "epoch: 10": 4.912257623975165,
    "epoch: 11": 4.922931754146703,
    "epoch: 12": 5.183316895083408,
    "epoch: 13": 5.3992141608614475,
    "epoch: 14": 5.400545250275172,
    "epoch: 15": 5.207660374282568,
    "epoch: 16": 5.750499460613355,
    "epoch: 17": 6.115240833780263
  },
  "Learn rate history": {
    "epoch: 0": 2e-05,
    "epoch: 1": 2e-05,
    "epoch: 2": 2e-05,
    "epoch: 3": 2e-05,
    "epoch: 4": 1.86e-05,
    "epoch: 5": 1.86e-05,
    "epoch: 6": 1.7298000000000003e-05,
    "epoch: 7": 1.7298000000000003e-05,
    "epoch: 8": 1.6087140000000003e-05,
    "epoch: 9": 1.6087140000000003e-05,
    "epoch: 10": 1.4961040200000004e-05,
    "epoch: 11": 1.4961040200000004e-05,
    "epoch: 12": 1.3913767386000004e-05,
    "epoch: 13": 1.3913767386000004e-05,
    "epoch: 14": 1.2939803668980004e-05,
    "epoch: 15": 1.2939803668980004e-05,
    "epoch: 16": 1.2034017412151404e-05,
    "epoch: 17": 1.2034017412151404e-05
  },
  "Patience set": 10
}