{
  "Seed": 1024,
  "Max epochs set": 50,
  "Train stop at epoch (begins at 0)": 14,
  "Learning rate": 2e-05,
  "Validation accuracy history": {
    "epoch: 0": 0.7914244186046512,
    "epoch: 1": 0.8234011627906976,
    "epoch: 2": 0.8238856589147286,
    "epoch: 3": 0.8350290697674418,
    "epoch: 4": 0.8539244186046512,
    "epoch: 5": 0.8401162790697675,
    "epoch: 6": 0.843265503875969,
    "epoch: 7": 0.8439922480620154,
    "epoch: 8": 0.8389050387596899,
    "epoch: 9": 0.8529554263565892,
    "epoch: 10": 0.8374515503875969,
    "epoch: 11": 0.844234496124031,
    "epoch: 12": 0.8386627906976745,
    "epoch: 13": 0.8478682170542635
  },
  "Train loss history": {
    "epoch: 0": 68.50516685843468,
    "epoch: 1": 22.325851496309042,
    "epoch: 2": 13.920715763233602,
    "epoch: 3": 9.273315924685448,
    "epoch: 4": 6.891813208349049,
    "epoch: 5": 5.376318583381362,
    "epoch: 6": 3.936142549093347,
    "epoch: 7": 3.2098800058010966,
    "epoch: 8": 2.902801563643152,
    "epoch: 9": 2.0669284047035035,
    "epoch: 10": 1.8254675694333855,
    "epoch: 11": 1.525430326728383,
    "epoch: 12": 1.4220356235891813,
    "epoch: 13": 1.4380623572142213
  },
  "Val loss history": {
    "epoch: 0": 3.9147269623354077,
    "epoch: 1": 3.5575750565622,
    "epoch: 2": 3.6927819012198597,
    "epoch: 3": 3.6145529055502266,
    "epoch: 4": 3.589702865225263,
    "epoch: 5": 4.047923618578352,
    "epoch: 6": 4.171103258035146,
    "epoch: 7": 4.639432201511227,
    "epoch: 8": 4.628576175775379,
    "epoch: 9": 4.449393853079528,
    "epoch: 10": 4.925625081858016,
    "epoch: 11": 5.16551359827281,
    "epoch: 12": 5.119667165679857,
    "epoch: 13": 5.118467033695197
  },
  "Learn rate history": {
    "epoch: 0": 2e-05,
    "epoch: 1": 2e-05,
    "epoch: 2": 2e-05,
    "epoch: 3": 2e-05,
    "epoch: 4": 2e-05,
    "epoch: 5": 1.86e-05,
    "epoch: 6": 1.86e-05,
    "epoch: 7": 1.7298000000000003e-05,
    "epoch: 8": 1.7298000000000003e-05,
    "epoch: 9": 1.6087140000000003e-05,
    "epoch: 10": 1.6087140000000003e-05,
    "epoch: 11": 1.4961040200000004e-05,
    "epoch: 12": 1.4961040200000004e-05,
    "epoch: 13": 1.3913767386000004e-05
  },
  "Patience set": 10
}