,precision,recall,f1-score,support
0,0.9738323833633745,0.9977187420858088,0.9856308649468744,1014791.0
1,0.8584617265835167,0.3404126360705021,0.4875093311112268,41247.0
accuracy,0.9720455135137183,0.9720455135137183,0.9720455135137183,0.9720455135137183
macro avg,0.9161470549734456,0.6690656890781554,0.7365700980290506,1056038.0
weighted avg,0.9693262069945328,0.9720455135137183,0.9661751077618878,1056038.0
