{
  "Seed": 1024,
  "Max epochs set": 50,
  "Train stop at epoch (begins at 0)": 12,
  "Learning rate": 2e-05,
  "Validation accuracy history": {
    "epoch: 0": 0.7635658914728682,
    "epoch: 1": 0.8074127906976745,
    "epoch: 2": 0.8536821705426356,
    "epoch: 3": 0.8081395348837209,
    "epoch: 4": 0.8464147286821705,
    "epoch: 5": 0.8515019379844961,
    "epoch: 6": 0.8439922480620154,
    "epoch: 7": 0.8359980620155039,
    "epoch: 8": 0.842296511627907,
    "epoch: 9": 0.8481104651162791,
    "epoch: 10": 0.8490794573643411,
    "epoch: 11": 0.843265503875969
  },
  "Train loss history": {
    "epoch: 0": 89.53869783133268,
    "epoch: 1": 26.275911406613886,
    "epoch: 2": 15.781973171979189,
    "epoch: 3": 10.557001487351954,
    "epoch: 4": 7.282647295389324,
    "epoch: 5": 5.2202092804946005,
    "epoch: 6": 3.900221904157661,
    "epoch: 7": 3.0315311742015183,
    "epoch: 8": 2.29820691520581,
    "epoch: 9": 2.1500894671771675,
    "epoch: 10": 1.6538342640269548,
    "epoch: 11": 1.3722028368792962
  },
  "Val loss history": {
    "epoch: 0": 4.873359284363687,
    "epoch: 1": 3.6313976298552006,
    "epoch: 2": 3.2469512205570936,
    "epoch: 3": 3.7625464658485726,
    "epoch: 4": 3.352607761276886,
    "epoch: 5": 3.300688683113549,
    "epoch: 6": 3.7004669073503464,
    "epoch: 7": 3.8433357965550385,
    "epoch: 8": 4.143680703768041,
    "epoch: 9": 4.260676955396775,
    "epoch: 10": 4.267452418309404,
    "epoch: 11": 4.482152413605945
  },
  "Learn rate history": {
    "epoch: 0": 2e-05,
    "epoch: 1": 2e-05,
    "epoch: 2": 2e-05,
    "epoch: 3": 2e-05,
    "epoch: 4": 1.86e-05,
    "epoch: 5": 1.86e-05,
    "epoch: 6": 1.7298000000000003e-05,
    "epoch: 7": 1.7298000000000003e-05,
    "epoch: 8": 1.6087140000000003e-05,
    "epoch: 9": 1.6087140000000003e-05,
    "epoch: 10": 1.4961040200000004e-05,
    "epoch: 11": 1.4961040200000004e-05
  },
  "Patience set": 10
}