{
  "Seed": 101,
  "Max epochs set": 50,
  "Train stop at epoch (begins at 0)": 29,
  "Learning rate": 2e-05,
  "Validation accuracy history": {
    "epoch: 0": 0.7124515503875969,
    "epoch: 1": 0.811046511627907,
    "epoch: 2": 0.8389050387596899,
    "epoch: 3": 0.8333333333333334,
    "epoch: 4": 0.8553779069767442,
    "epoch: 5": 0.8357558139534884,
    "epoch: 6": 0.8384205426356589,
    "epoch: 7": 0.8500484496124031,
    "epoch: 8": 0.8510174418604651,
    "epoch: 9": 0.8502906976744186,
    "epoch: 10": 0.842296511627907,
    "epoch: 11": 0.8575581395348837,
    "epoch: 12": 0.8476259689922481,
    "epoch: 13": 0.8468992248062015,
    "epoch: 14": 0.8519864341085271,
    "epoch: 15": 0.8507751937984496,
    "epoch: 16": 0.8568313953488372,
    "epoch: 17": 0.8527131782945736,
    "epoch: 18": 0.8565891472868217,
    "epoch: 19": 0.8590116279069767,
    "epoch: 20": 0.8539244186046512,
    "epoch: 21": 0.841327519379845,
    "epoch: 22": 0.8570736434108527,
    "epoch: 23": 0.8512596899224806,
    "epoch: 24": 0.841812015503876,
    "epoch: 25": 0.8476259689922481,
    "epoch: 26": 0.8587693798449613,
    "epoch: 27": 0.8536821705426356,
    "epoch: 28": 0.8575581395348837
  },
  "Train loss history": {
    "epoch: 0": 97.18646072596312,
    "epoch: 1": 27.539000134915113,
    "epoch: 2": 16.64390728250146,
    "epoch: 3": 10.979233202524483,
    "epoch: 4": 7.642495682928711,
    "epoch: 5": 5.4947622125037014,
    "epoch: 6": 3.9298563201446086,
    "epoch: 7": 3.1927387958276086,
    "epoch: 8": 2.5958889249595813,
    "epoch: 9": 1.968569559539901,
    "epoch: 10": 1.6831815486366395,
    "epoch: 11": 1.3368373528355733,
    "epoch: 12": 1.1130462317669298,
    "epoch: 13": 1.0655774717160966,
    "epoch: 14": 0.9986358324822504,
    "epoch: 15": 0.8882723675342277,
    "epoch: 16": 0.7255049197847256,
    "epoch: 17": 0.5298812672699569,
    "epoch: 18": 0.5346577355594491,
    "epoch: 19": 0.5068425082208705,
    "epoch: 20": 0.4271421514058602,
    "epoch: 21": 0.5532470301550347,
    "epoch: 22": 0.3778568876659847,
    "epoch: 23": 0.2763848327595042,
    "epoch: 24": 0.27400339600717416,
    "epoch: 25": 0.27399406016775174,
    "epoch: 26": 0.29903938994903,
    "epoch: 27": 0.27828375935860095,
    "epoch: 28": 0.26280741822120035
  },
  "Val loss history": {
    "epoch: 0": 5.1887058755382895,
    "epoch: 1": 3.8597419359721243,
    "epoch: 2": 3.2529408116824925,
    "epoch: 3": 3.4119446467375383,
    "epoch: 4": 3.34564444294665,
    "epoch: 5": 3.658807979139965,
    "epoch: 6": 3.7279033433878794,
    "epoch: 7": 3.76110684251762,
    "epoch: 8": 3.8056800192862283,
    "epoch: 9": 4.134837381076068,
    "epoch: 10": 4.439197026425973,
    "epoch: 11": 4.260038337437436,
    "epoch: 12": 4.626374909494189,
    "epoch: 13": 4.634573211806128,
    "epoch: 14": 4.47177730454132,
    "epoch: 15": 4.408917241249583,
    "epoch: 16": 4.791761005981243,
    "epoch: 17": 5.181857024035708,
    "epoch: 18": 4.848959194016061,
    "epoch: 19": 4.989118346646137,
    "epoch: 20": 5.079104175325483,
    "epoch: 21": 5.360328753449721,
    "epoch: 22": 5.04016512283124,
    "epoch: 23": 5.250669095155899,
    "epoch: 24": 5.635134021620615,
    "epoch: 25": 5.612078894555452,
    "epoch: 26": 5.407037783617852,
    "epoch: 27": 5.548198069387581,
    "epoch: 28": 5.444898666581139
  },
  "Learn rate history": {
    "epoch: 0": 2e-05,
    "epoch: 1": 2e-05,
    "epoch: 2": 2e-05,
    "epoch: 3": 1.86e-05,
    "epoch: 4": 1.86e-05,
    "epoch: 5": 1.86e-05,
    "epoch: 6": 1.86e-05,
    "epoch: 7": 1.7298000000000003e-05,
    "epoch: 8": 1.7298000000000003e-05,
    "epoch: 9": 1.6087140000000003e-05,
    "epoch: 10": 1.6087140000000003e-05,
    "epoch: 11": 1.4961040200000004e-05,
    "epoch: 12": 1.4961040200000004e-05,
    "epoch: 13": 1.3913767386000004e-05,
    "epoch: 14": 1.3913767386000004e-05,
    "epoch: 15": 1.2939803668980004e-05,
    "epoch: 16": 1.2939803668980004e-05,
    "epoch: 17": 1.2034017412151404e-05,
    "epoch: 18": 1.2034017412151404e-05,
    "epoch: 19": 1.1191636193300806e-05,
    "epoch: 20": 1.1191636193300806e-05,
    "epoch: 21": 1.040822165976975e-05,
    "epoch: 22": 1.040822165976975e-05,
    "epoch: 23": 9.679646143585868e-06,
    "epoch: 24": 9.679646143585868e-06,
    "epoch: 25": 9.002070913534857e-06,
    "epoch: 26": 9.002070913534857e-06,
    "epoch: 27": 8.371925949587418e-06,
    "epoch: 28": 8.371925949587418e-06
  },
  "Patience set": 10
}