{
  "Seed": 1024,
  "Max epochs set": 50,
  "Train stop at epoch (begins at 0)": 19,
  "Learning rate": 2e-05,
  "Validation accuracy history": {
    "epoch: 0": 0.8468992248062015,
    "epoch: 1": 0.8834786821705426,
    "epoch: 2": 0.8866279069767442,
    "epoch: 3": 0.8871124031007752,
    "epoch: 4": 0.8781492248062015,
    "epoch: 5": 0.8955910852713178,
    "epoch: 6": 0.8926841085271318,
    "epoch: 7": 0.8958333333333334,
    "epoch: 8": 0.8815406976744186,
    "epoch: 9": 0.8980135658914729,
    "epoch: 10": 0.8895348837209303,
    "epoch: 11": 0.8914728682170543,
    "epoch: 12": 0.875484496124031,
    "epoch: 13": 0.8919573643410853,
    "epoch: 14": 0.8934108527131783,
    "epoch: 15": 0.8907461240310077,
    "epoch: 16": 0.8900193798449613,
    "epoch: 17": 0.8905038759689923,
    "epoch: 18": 0.8837209302325582
  },
  "Train loss history": {
    "epoch: 0": 55.3110251519829,
    "epoch: 1": 12.868298550136387,
    "epoch: 2": 7.443565290654078,
    "epoch: 3": 4.685257924487814,
    "epoch: 4": 3.2782741406699643,
    "epoch: 5": 2.138122621108778,
    "epoch: 6": 1.9683020328229759,
    "epoch: 7": 1.3189117499860004,
    "epoch: 8": 1.1801891618961236,
    "epoch: 9": 1.1192064265414956,
    "epoch: 10": 0.7780904926694348,
    "epoch: 11": 0.7061590616140165,
    "epoch: 12": 0.6731491857281071,
    "epoch: 13": 0.5437238985650765,
    "epoch: 14": 0.5271456063273945,
    "epoch: 15": 0.6766299457267451,
    "epoch: 16": 0.3998744304954016,
    "epoch: 17": 0.5626782906329026,
    "epoch: 18": 0.3589303927619767
  },
  "Val loss history": {
    "epoch: 0": 2.8196726593887433,
    "epoch: 1": 2.316975440538954,
    "epoch: 2": 2.2853271929197945,
    "epoch: 3": 2.6367434319254244,
    "epoch: 4": 2.905511541335727,
    "epoch: 5": 2.754006540752016,
    "epoch: 6": 2.825857860574615,
    "epoch: 7": 3.13001025646372,
    "epoch: 8": 3.4505780843101093,
    "epoch: 9": 3.2310579387267353,
    "epoch: 10": 3.29252188209648,
    "epoch: 11": 3.4680747193870047,
    "epoch: 12": 3.8036029471768416,
    "epoch: 13": 3.4443191526406736,
    "epoch: 14": 3.4827391246053594,
    "epoch: 15": 3.581354434381865,
    "epoch: 16": 3.725876762691769,
    "epoch: 17": 3.4032142266223673,
    "epoch: 18": 3.92339644484764
  },
  "Learn rate history": {
    "epoch: 0": 2e-05,
    "epoch: 1": 2e-05,
    "epoch: 2": 2e-05,
    "epoch: 3": 2e-05,
    "epoch: 4": 1.86e-05,
    "epoch: 5": 1.86e-05,
    "epoch: 6": 1.7298000000000003e-05,
    "epoch: 7": 1.7298000000000003e-05,
    "epoch: 8": 1.6087140000000003e-05,
    "epoch: 9": 1.6087140000000003e-05,
    "epoch: 10": 1.4961040200000004e-05,
    "epoch: 11": 1.4961040200000004e-05,
    "epoch: 12": 1.3913767386000004e-05,
    "epoch: 13": 1.3913767386000004e-05,
    "epoch: 14": 1.2939803668980004e-05,
    "epoch: 15": 1.2939803668980004e-05,
    "epoch: 16": 1.2034017412151404e-05,
    "epoch: 17": 1.2034017412151404e-05,
    "epoch: 18": 1.1191636193300806e-05
  },
  "Patience set": 10
}