{
  "Seed": 37,
  "Max epochs set": 50,
  "Train stop at epoch (begins at 0)": 13,
  "Learning rate": 2e-05,
  "Validation accuracy history": {
    "epoch: 0": 0.9132751937984496,
    "epoch: 1": 0.9130329457364341,
    "epoch: 2": 0.9215116279069767,
    "epoch: 3": 0.9246608527131783,
    "epoch: 4": 0.903827519379845,
    "epoch: 5": 0.909156976744186,
    "epoch: 6": 0.9244186046511628,
    "epoch: 7": 0.9190891472868217,
    "epoch: 8": 0.9229651162790697,
    "epoch: 9": 0.9123062015503876,
    "epoch: 10": 0.9084302325581395,
    "epoch: 11": 0.9166666666666666,
    "epoch: 12": 0.9125484496124031
  },
  "Train loss history": {
    "epoch: 0": 36.627960790880024,
    "epoch: 1": 8.949281201465055,
    "epoch: 2": 5.090120655018836,
    "epoch: 3": 3.4166858133976348,
    "epoch: 4": 2.59719101927476,
    "epoch: 5": 2.021113439812325,
    "epoch: 6": 1.4496676153794397,
    "epoch: 7": 1.2695994182140566,
    "epoch: 8": 0.9710689563362394,
    "epoch: 9": 0.9436297863430809,
    "epoch: 10": 1.1718072577641578,
    "epoch: 11": 0.7165958063997095,
    "epoch: 12": 0.8280991353385616
  },
  "Val loss history": {
    "epoch: 0": 36.627960790880024,
    "epoch: 1": 8.949281201465055,
    "epoch: 2": 5.090120655018836,
    "epoch: 3": 3.4166858133976348,
    "epoch: 4": 2.59719101927476,
    "epoch: 5": 2.021113439812325,
    "epoch: 6": 1.4496676153794397,
    "epoch: 7": 1.2695994182140566,
    "epoch: 8": 0.9710689563362394,
    "epoch: 9": 0.9436297863430809,
    "epoch: 10": 1.1718072577641578,
    "epoch: 11": 0.7165958063997095,
    "epoch: 12": 0.8280991353385616
  },
  "Learn rate history": {
    "epoch: 0": 2e-05,
    "epoch: 1": 2e-05,
    "epoch: 2": 2e-05,
    "epoch: 3": 2e-05,
    "epoch: 4": 1.86e-05,
    "epoch: 5": 1.86e-05,
    "epoch: 6": 1.7298000000000003e-05,
    "epoch: 7": 1.7298000000000003e-05,
    "epoch: 8": 1.6087140000000003e-05,
    "epoch: 9": 1.6087140000000003e-05,
    "epoch: 10": 1.4961040200000004e-05,
    "epoch: 11": 1.4961040200000004e-05,
    "epoch: 12": 1.3913767386000004e-05
  },
  "Patience set": 10
}