{
  "Seed": 101,
  "Max epochs set": 50,
  "Train stop at epoch (begins at 0)": 13,
  "Learning rate": 2e-05,
  "Validation accuracy history": {
    "epoch: 0": 0.8984980620155039,
    "epoch: 1": 0.9113372093023255,
    "epoch: 2": 0.9241763565891473,
    "epoch: 3": 0.9249031007751938,
    "epoch: 4": 0.9217538759689923,
    "epoch: 5": 0.9123062015503876,
    "epoch: 6": 0.9195736434108527,
    "epoch: 7": 0.9186046511627907,
    "epoch: 8": 0.9236918604651163,
    "epoch: 9": 0.9149709302325582,
    "epoch: 10": 0.9130329457364341,
    "epoch: 11": 0.9050387596899225,
    "epoch: 12": 0.905281007751938
  },
  "Train loss history": {
    "epoch: 0": 35.478761305101216,
    "epoch: 1": 8.668269335757941,
    "epoch: 2": 5.197296803351492,
    "epoch: 3": 3.423623256938299,
    "epoch: 4": 2.5992263714724686,
    "epoch: 5": 2.0996820565487724,
    "epoch: 6": 1.4635998084559105,
    "epoch: 7": 1.2201164039870491,
    "epoch: 8": 1.0335925085673807,
    "epoch: 9": 1.0299252466502367,
    "epoch: 10": 0.8875523196911672,
    "epoch: 11": 0.628978165157605,
    "epoch: 12": 0.7795558822763269
  },
  "Val loss history": {
    "epoch: 0": 35.478761305101216,
    "epoch: 1": 8.668269335757941,
    "epoch: 2": 5.197296803351492,
    "epoch: 3": 3.423623256938299,
    "epoch: 4": 2.5992263714724686,
    "epoch: 5": 2.0996820565487724,
    "epoch: 6": 1.4635998084559105,
    "epoch: 7": 1.2201164039870491,
    "epoch: 8": 1.0335925085673807,
    "epoch: 9": 1.0299252466502367,
    "epoch: 10": 0.8875523196911672,
    "epoch: 11": 0.628978165157605,
    "epoch: 12": 0.7795558822763269
  },
  "Learn rate history": {
    "epoch: 0": 2e-05,
    "epoch: 1": 2e-05,
    "epoch: 2": 2e-05,
    "epoch: 3": 2e-05,
    "epoch: 4": 2e-05,
    "epoch: 5": 1.86e-05,
    "epoch: 6": 1.86e-05,
    "epoch: 7": 1.7298000000000003e-05,
    "epoch: 8": 1.7298000000000003e-05,
    "epoch: 9": 1.6087140000000003e-05,
    "epoch: 10": 1.6087140000000003e-05,
    "epoch: 11": 1.4961040200000004e-05,
    "epoch: 12": 1.4961040200000004e-05
  },
  "Patience set": 10
}