{
  "Seed": 42,
  "Max epochs set": 50,
  "Train stop at epoch (begins at 0)": 21,
  "Learning rate": 2e-05,
  "Validation accuracy history": {
    "epoch: 0": 0.9040697674418605,
    "epoch: 1": 0.9193313953488372,
    "epoch: 2": 0.9171511627906976,
    "epoch: 3": 0.9147286821705426,
    "epoch: 4": 0.9176356589147286,
    "epoch: 5": 0.9200581395348837,
    "epoch: 6": 0.9241763565891473,
    "epoch: 7": 0.904796511627907,
    "epoch: 8": 0.9123062015503876,
    "epoch: 9": 0.9173934108527132,
    "epoch: 10": 0.9229651162790697,
    "epoch: 11": 0.9244186046511628,
    "epoch: 12": 0.9101259689922481,
    "epoch: 13": 0.9227228682170543,
    "epoch: 14": 0.9108527131782945,
    "epoch: 15": 0.9098837209302325,
    "epoch: 16": 0.9161821705426356,
    "epoch: 17": 0.9171511627906976,
    "epoch: 18": 0.9159399224806202,
    "epoch: 19": 0.9156976744186046,
    "epoch: 20": 0.9064922480620154
  },
  "Train loss history": {
    "epoch: 0": 37.137148432433605,
    "epoch: 1": 8.809196737594903,
    "epoch: 2": 5.030385633581318,
    "epoch: 3": 3.4556325114681385,
    "epoch: 4": 2.6035148194932844,
    "epoch: 5": 1.7102099901239853,
    "epoch: 6": 1.4023184741963632,
    "epoch: 7": 1.556073246509186,
    "epoch: 8": 1.3120110078161815,
    "epoch: 9": 0.9029342280555284,
    "epoch: 10": 0.8960952482448192,
    "epoch: 11": 0.9199303151253844,
    "epoch: 12": 0.5939367935134214,
    "epoch: 13": 0.5472237175781629,
    "epoch: 14": 0.6109073081606766,
    "epoch: 15": 0.5867799388288404,
    "epoch: 16": 0.4018322047959373,
    "epoch: 17": 0.37969288841850357,
    "epoch: 18": 0.3428425778838573,
    "epoch: 19": 0.3790811727376422,
    "epoch: 20": 0.31419969325725106
  },
  "Val loss history": {
    "epoch: 0": 37.137148432433605,
    "epoch: 1": 8.809196737594903,
    "epoch: 2": 5.030385633581318,
    "epoch: 3": 3.4556325114681385,
    "epoch: 4": 2.6035148194932844,
    "epoch: 5": 1.7102099901239853,
    "epoch: 6": 1.4023184741963632,
    "epoch: 7": 1.556073246509186,
    "epoch: 8": 1.3120110078161815,
    "epoch: 9": 0.9029342280555284,
    "epoch: 10": 0.8960952482448192,
    "epoch: 11": 0.9199303151253844,
    "epoch: 12": 0.5939367935134214,
    "epoch: 13": 0.5472237175781629,
    "epoch: 14": 0.6109073081606766,
    "epoch: 15": 0.5867799388288404,
    "epoch: 16": 0.4018322047959373,
    "epoch: 17": 0.37969288841850357,
    "epoch: 18": 0.3428425778838573,
    "epoch: 19": 0.3790811727376422,
    "epoch: 20": 0.31419969325725106
  },
  "Learn rate history": {
    "epoch: 0": 2e-05,
    "epoch: 1": 2e-05,
    "epoch: 2": 2e-05,
    "epoch: 3": 2e-05,
    "epoch: 4": 1.86e-05,
    "epoch: 5": 1.86e-05,
    "epoch: 6": 1.7298000000000003e-05,
    "epoch: 7": 1.7298000000000003e-05,
    "epoch: 8": 1.6087140000000003e-05,
    "epoch: 9": 1.6087140000000003e-05,
    "epoch: 10": 1.4961040200000004e-05,
    "epoch: 11": 1.4961040200000004e-05,
    "epoch: 12": 1.4961040200000004e-05,
    "epoch: 13": 1.3913767386000004e-05,
    "epoch: 14": 1.3913767386000004e-05,
    "epoch: 15": 1.2939803668980004e-05,
    "epoch: 16": 1.2939803668980004e-05,
    "epoch: 17": 1.2034017412151404e-05,
    "epoch: 18": 1.2034017412151404e-05,
    "epoch: 19": 1.1191636193300806e-05,
    "epoch: 20": 1.1191636193300806e-05
  },
  "Patience set": 10
}