{
  "Seed": 8,
  "Max epochs set": 50,
  "Train stop at epoch (begins at 0)": 13,
  "Learning rate": 2e-05,
  "Validation accuracy history": {
    "epoch: 0": 0.9188468992248062,
    "epoch: 1": 0.9125484496124031,
    "epoch: 2": 0.9186046511627907,
    "epoch: 3": 0.9261143410852714,
    "epoch: 4": 0.9173934108527132,
    "epoch: 5": 0.9161821705426356,
    "epoch: 6": 0.9152131782945736,
    "epoch: 7": 0.9215116279069767,
    "epoch: 8": 0.9171511627906976,
    "epoch: 9": 0.9181201550387597,
    "epoch: 10": 0.907218992248062,
    "epoch: 11": 0.9101259689922481,
    "epoch: 12": 0.9164244186046512
  },
  "Train loss history": {
    "epoch: 0": 35.32821113243699,
    "epoch: 1": 8.407380719669163,
    "epoch: 2": 5.089880209648982,
    "epoch: 3": 3.3358068399247713,
    "epoch: 4": 2.5076869445911143,
    "epoch: 5": 1.9693674072041176,
    "epoch: 6": 1.508935923455283,
    "epoch: 7": 1.3535995937418193,
    "epoch: 8": 1.5235960405116202,
    "epoch: 9": 1.1579565791325876,
    "epoch: 10": 1.0981383415055461,
    "epoch: 11": 0.6676269712261274,
    "epoch: 12": 0.9889378611405846
  },
  "Val loss history": {
    "epoch: 0": 35.32821113243699,
    "epoch: 1": 8.407380719669163,
    "epoch: 2": 5.089880209648982,
    "epoch: 3": 3.3358068399247713,
    "epoch: 4": 2.5076869445911143,
    "epoch: 5": 1.9693674072041176,
    "epoch: 6": 1.508935923455283,
    "epoch: 7": 1.3535995937418193,
    "epoch: 8": 1.5235960405116202,
    "epoch: 9": 1.1579565791325876,
    "epoch: 10": 1.0981383415055461,
    "epoch: 11": 0.6676269712261274,
    "epoch: 12": 0.9889378611405846
  },
  "Learn rate history": {
    "epoch: 0": 2e-05,
    "epoch: 1": 2e-05,
    "epoch: 2": 2e-05,
    "epoch: 3": 2e-05,
    "epoch: 4": 2e-05,
    "epoch: 5": 2e-05,
    "epoch: 6": 1.86e-05,
    "epoch: 7": 1.86e-05,
    "epoch: 8": 1.86e-05,
    "epoch: 9": 1.86e-05,
    "epoch: 10": 1.7298000000000003e-05,
    "epoch: 11": 1.7298000000000003e-05,
    "epoch: 12": 1.6087140000000003e-05
  },
  "Patience set": 10
}