{
  "Seed": 1024,
  "Max epochs set": 50,
  "Train stop at epoch (begins at 0)": 13,
  "Learning rate": 2e-05,
  "Validation accuracy history": {
    "epoch: 0": 0.9050387596899225,
    "epoch: 1": 0.908672480620155,
    "epoch: 2": 0.9190891472868217,
    "epoch: 3": 0.9227228682170543,
    "epoch: 4": 0.9203003875968992,
    "epoch: 5": 0.9147286821705426,
    "epoch: 6": 0.9181201550387597,
    "epoch: 7": 0.9195736434108527,
    "epoch: 8": 0.9212693798449613,
    "epoch: 9": 0.9178779069767442,
    "epoch: 10": 0.9164244186046512,
    "epoch: 11": 0.9118217054263565,
    "epoch: 12": 0.9166666666666666
  },
  "Train loss history": {
    "epoch: 0": 38.2255012113601,
    "epoch: 1": 8.708067490020767,
    "epoch: 2": 5.174664496909827,
    "epoch: 3": 3.5217000832781196,
    "epoch: 4": 2.5763806004542857,
    "epoch: 5": 1.547983838187065,
    "epoch: 6": 1.675590427184943,
    "epoch: 7": 1.4451423860737123,
    "epoch: 8": 1.25339426350547,
    "epoch: 9": 1.1437456094427034,
    "epoch: 10": 0.6827755651174812,
    "epoch: 11": 0.8078267215678352,
    "epoch: 12": 0.8149219101032941
  },
  "Val loss history": {
    "epoch: 0": 38.2255012113601,
    "epoch: 1": 8.708067490020767,
    "epoch: 2": 5.174664496909827,
    "epoch: 3": 3.5217000832781196,
    "epoch: 4": 2.5763806004542857,
    "epoch: 5": 1.547983838187065,
    "epoch: 6": 1.675590427184943,
    "epoch: 7": 1.4451423860737123,
    "epoch: 8": 1.25339426350547,
    "epoch: 9": 1.1437456094427034,
    "epoch: 10": 0.6827755651174812,
    "epoch: 11": 0.8078267215678352,
    "epoch: 12": 0.8149219101032941
  },
  "Learn rate history": {
    "epoch: 0": 2e-05,
    "epoch: 1": 2e-05,
    "epoch: 2": 2e-05,
    "epoch: 3": 2e-05,
    "epoch: 4": 1.86e-05,
    "epoch: 5": 1.86e-05,
    "epoch: 6": 1.7298000000000003e-05,
    "epoch: 7": 1.7298000000000003e-05,
    "epoch: 8": 1.6087140000000003e-05,
    "epoch: 9": 1.6087140000000003e-05,
    "epoch: 10": 1.4961040200000004e-05,
    "epoch: 11": 1.4961040200000004e-05,
    "epoch: 12": 1.3913767386000004e-05
  },
  "Patience set": 10
}