{
  "Seed": 101,
  "Max epochs set": 50,
  "Train stop at epoch (begins at 0)": 17,
  "Learning rate": 2e-05,
  "Validation accuracy history": {
    "epoch: 0": 0.9021317829457365,
    "epoch: 1": 0.9069767441860465,
    "epoch: 2": 0.9193313953488372,
    "epoch: 3": 0.9188468992248062,
    "epoch: 4": 0.9154554263565892,
    "epoch: 5": 0.9009205426356589,
    "epoch: 6": 0.9232073643410853,
    "epoch: 7": 0.9251453488372093,
    "epoch: 8": 0.9098837209302325,
    "epoch: 9": 0.9183624031007752,
    "epoch: 10": 0.9205426356589147,
    "epoch: 11": 0.9164244186046512,
    "epoch: 12": 0.9113372093023255,
    "epoch: 13": 0.9195736434108527,
    "epoch: 14": 0.9110949612403101,
    "epoch: 15": 0.9215116279069767,
    "epoch: 16": 0.9173934108527132
  },
  "Train loss history": {
    "epoch: 0": 36.976067347452044,
    "epoch: 1": 8.854595815530047,
    "epoch: 2": 4.983779407222755,
    "epoch: 3": 3.375543701753486,
    "epoch: 4": 2.5896781570918392,
    "epoch: 5": 1.9625085290463176,
    "epoch: 6": 1.6096554136020131,
    "epoch: 7": 1.324303339322796,
    "epoch: 8": 1.1050799450895283,
    "epoch: 9": 1.1740779667452443,
    "epoch: 10": 1.001175807643449,
    "epoch: 11": 0.7091480921953917,
    "epoch: 12": 0.528142473565822,
    "epoch: 13": 0.8358622787272907,
    "epoch: 14": 0.6240745516479365,
    "epoch: 15": 0.49008417449658737,
    "epoch: 16": 0.3574779285299883
  },
  "Val loss history": {
    "epoch: 0": 1.8940655692131259,
    "epoch: 1": 1.7945517165935598,
    "epoch: 2": 1.8070054970739875,
    "epoch: 3": 1.8769671392510645,
    "epoch: 4": 1.9739971866074484,
    "epoch: 5": 2.2672843915061094,
    "epoch: 6": 2.1114019499582355,
    "epoch: 7": 2.0472941498446744,
    "epoch: 8": 2.4390690569962317,
    "epoch: 9": 2.3793532755589695,
    "epoch: 10": 2.3403920504424605,
    "epoch: 11": 2.5236492760923284,
    "epoch: 12": 2.7370736181910615,
    "epoch: 13": 2.4103899376350455,
    "epoch: 14": 2.6468748527258867,
    "epoch: 15": 2.524687262108273,
    "epoch: 16": 2.6026856959069846
  },
  "Learn rate history": {
    "epoch: 0": 2e-05,
    "epoch: 1": 2e-05,
    "epoch: 2": 1.86e-05,
    "epoch: 3": 1.86e-05,
    "epoch: 4": 1.86e-05,
    "epoch: 5": 1.86e-05,
    "epoch: 6": 1.86e-05,
    "epoch: 7": 1.86e-05,
    "epoch: 8": 1.7298000000000003e-05,
    "epoch: 9": 1.7298000000000003e-05,
    "epoch: 10": 1.6087140000000003e-05,
    "epoch: 11": 1.6087140000000003e-05,
    "epoch: 12": 1.4961040200000004e-05,
    "epoch: 13": 1.4961040200000004e-05,
    "epoch: 14": 1.3913767386000004e-05,
    "epoch: 15": 1.3913767386000004e-05,
    "epoch: 16": 1.2939803668980004e-05
  },
  "Patience set": 10
}