{
  "Seed": 42,
  "Max epochs set": 50,
  "Train stop at epoch (begins at 0)": 15,
  "Learning rate": 2e-05,
  "Validation accuracy history": {
    "epoch: 0": 0.9014050387596899,
    "epoch: 1": 0.9171511627906976,
    "epoch: 2": 0.9113372093023255,
    "epoch: 3": 0.9113372093023255,
    "epoch: 4": 0.9156976744186046,
    "epoch: 5": 0.9278100775193798,
    "epoch: 6": 0.906734496124031,
    "epoch: 7": 0.9161821705426356,
    "epoch: 8": 0.9152131782945736,
    "epoch: 9": 0.8909883720930233,
    "epoch: 10": 0.9023740310077519,
    "epoch: 11": 0.9210271317829457,
    "epoch: 12": 0.9115794573643411,
    "epoch: 13": 0.9227228682170543,
    "epoch: 14": 0.9096414728682171
  },
  "Train loss history": {
    "epoch: 0": 37.35591026674956,
    "epoch: 1": 8.849193436326459,
    "epoch: 2": 5.045834209653549,
    "epoch: 3": 3.376267380313948,
    "epoch: 4": 2.344130548997782,
    "epoch: 5": 1.697405110753607,
    "epoch: 6": 1.5295014454604825,
    "epoch: 7": 1.5022841740428703,
    "epoch: 8": 0.8927427447633818,
    "epoch: 9": 1.0230419105209876,
    "epoch: 10": 0.7763313467585249,
    "epoch: 11": 0.9231893573596608,
    "epoch: 12": 0.5362201321768225,
    "epoch: 13": 0.45023097070952645,
    "epoch: 14": 0.3984555730530701
  },
  "Val loss history": {
    "epoch: 0": 2.091946889529936,
    "epoch: 1": 1.7047546065005008,
    "epoch: 2": 1.7632048871309962,
    "epoch: 3": 1.9888822037610225,
    "epoch: 4": 2.1061182217745227,
    "epoch: 5": 2.0021230668353382,
    "epoch: 6": 2.4783131431759102,
    "epoch: 7": 2.300874640510301,
    "epoch: 8": 2.627464181103278,
    "epoch: 9": 2.8580752599809784,
    "epoch: 10": 2.922832100386586,
    "epoch: 11": 2.56040157220923,
    "epoch: 12": 2.683231271154,
    "epoch: 13": 2.538780712540756,
    "epoch: 14": 2.7618468592299905
  },
  "Learn rate history": {
    "epoch: 0": 2e-05,
    "epoch: 1": 2e-05,
    "epoch: 2": 2e-05,
    "epoch: 3": 1.86e-05,
    "epoch: 4": 1.86e-05,
    "epoch: 5": 1.7298000000000003e-05,
    "epoch: 6": 1.7298000000000003e-05,
    "epoch: 7": 1.6087140000000003e-05,
    "epoch: 8": 1.6087140000000003e-05,
    "epoch: 9": 1.4961040200000004e-05,
    "epoch: 10": 1.4961040200000004e-05,
    "epoch: 11": 1.3913767386000004e-05,
    "epoch: 12": 1.3913767386000004e-05,
    "epoch: 13": 1.2939803668980004e-05,
    "epoch: 14": 1.2939803668980004e-05
  },
  "Patience set": 10
}