{
  "Seed": 8,
  "Max epochs set": 50,
  "Train stop at epoch (begins at 0)": 16,
  "Learning rate": 2e-05,
  "Validation accuracy history": {
    "epoch: 0": 0.9084302325581395,
    "epoch: 1": 0.9207848837209303,
    "epoch: 2": 0.9186046511627907,
    "epoch: 3": 0.9224806201550387,
    "epoch: 4": 0.9183624031007752,
    "epoch: 5": 0.9166666666666666,
    "epoch: 6": 0.9232073643410853,
    "epoch: 7": 0.9169089147286822,
    "epoch: 8": 0.905765503875969,
    "epoch: 9": 0.9120639534883721,
    "epoch: 10": 0.9130329457364341,
    "epoch: 11": 0.907703488372093,
    "epoch: 12": 0.9186046511627907,
    "epoch: 13": 0.904796511627907,
    "epoch: 14": 0.9171511627906976,
    "epoch: 15": 0.9014050387596899
  },
  "Train loss history": {
    "epoch: 0": 35.224527299404144,
    "epoch: 1": 8.500175328925252,
    "epoch: 2": 4.939012894988991,
    "epoch: 3": 3.281373191275634,
    "epoch: 4": 3.216831756872125,
    "epoch: 5": 1.728334756073309,
    "epoch: 6": 1.342465073830681,
    "epoch: 7": 1.1804198872996494,
    "epoch: 8": 1.0326658598642098,
    "epoch: 9": 1.0039440701511921,
    "epoch: 10": 0.9773274012259208,
    "epoch: 11": 0.5966848506432143,
    "epoch: 12": 0.5914132879552199,
    "epoch: 13": 0.7890819441381609,
    "epoch: 14": 0.620550154177181,
    "epoch: 15": 0.4510011406564445
  },
  "Val loss history": {
    "epoch: 0": 1.7453097427496687,
    "epoch: 1": 1.6040354802971706,
    "epoch: 2": 1.8040462669159751,
    "epoch: 3": 1.850164724048227,
    "epoch: 4": 1.9224781423690729,
    "epoch: 5": 2.25642435165355,
    "epoch: 6": 2.1985109959641704,
    "epoch: 7": 2.256002884445479,
    "epoch: 8": 2.542170998545771,
    "epoch: 9": 2.4887174956493254,
    "epoch: 10": 2.5561791798390914,
    "epoch: 11": 2.7443227641451813,
    "epoch: 12": 2.4213578682974912,
    "epoch: 13": 2.858662528484274,
    "epoch: 14": 2.6313776494789636,
    "epoch: 15": 2.8386101542309916
  },
  "Learn rate history": {
    "epoch: 0": 2e-05,
    "epoch: 1": 2e-05,
    "epoch: 2": 2e-05,
    "epoch: 3": 1.86e-05,
    "epoch: 4": 1.86e-05,
    "epoch: 5": 1.7298000000000003e-05,
    "epoch: 6": 1.7298000000000003e-05,
    "epoch: 7": 1.6087140000000003e-05,
    "epoch: 8": 1.6087140000000003e-05,
    "epoch: 9": 1.4961040200000004e-05,
    "epoch: 10": 1.4961040200000004e-05,
    "epoch: 11": 1.3913767386000004e-05,
    "epoch: 12": 1.3913767386000004e-05,
    "epoch: 13": 1.2939803668980004e-05,
    "epoch: 14": 1.2939803668980004e-05,
    "epoch: 15": 1.2034017412151404e-05
  },
  "Patience set": 10
}