{
  "Seed": 1024,
  "Max epochs set": 50,
  "Train stop at epoch (begins at 0)": 26,
  "Learning rate": 2e-05,
  "Validation accuracy history": {
    "epoch: 0": 0.844718992248062,
    "epoch: 1": 0.8541666666666666,
    "epoch: 2": 0.8781492248062015,
    "epoch: 3": 0.8638565891472868,
    "epoch: 4": 0.8800872093023255,
    "epoch: 5": 0.8631298449612403,
    "epoch: 6": 0.8565891472868217,
    "epoch: 7": 0.8737887596899225,
    "epoch: 8": 0.8805717054263565,
    "epoch: 9": 0.8757267441860465,
    "epoch: 10": 0.8624031007751938,
    "epoch: 11": 0.8696705426356589,
    "epoch: 12": 0.8529554263565892,
    "epoch: 13": 0.8771802325581395,
    "epoch: 14": 0.872093023255814,
    "epoch: 15": 0.8689437984496124,
    "epoch: 16": 0.8883236434108527,
    "epoch: 17": 0.8786337209302325,
    "epoch: 18": 0.8706395348837209,
    "epoch: 19": 0.8655523255813954,
    "epoch: 20": 0.8713662790697675,
    "epoch: 21": 0.8718507751937985,
    "epoch: 22": 0.8689437984496124,
    "epoch: 23": 0.875968992248062,
    "epoch: 24": 0.8723352713178295,
    "epoch: 25": 0.8752422480620154
  },
  "Train loss history": {
    "epoch: 0": 52.66349163558334,
    "epoch: 1": 12.377634839620441,
    "epoch: 2": 6.308589101070538,
    "epoch: 3": 3.4004822397837415,
    "epoch: 4": 1.9722203745768638,
    "epoch: 5": 1.6063400028797332,
    "epoch: 6": 1.15634203251102,
    "epoch: 7": 0.8526753612604807,
    "epoch: 8": 0.8712592623996898,
    "epoch: 9": 0.5880765028705355,
    "epoch: 10": 0.7393665714662347,
    "epoch: 11": 0.5582998297904851,
    "epoch: 12": 0.4380578410155067,
    "epoch: 13": 0.4067815149646776,
    "epoch: 14": 0.28945014828059357,
    "epoch: 15": 0.3396481223671799,
    "epoch: 16": 0.25806042502244964,
    "epoch: 17": 0.21269341228344274,
    "epoch: 18": 0.3138244374995338,
    "epoch: 19": 0.21646394441177108,
    "epoch: 20": 0.16501094688192097,
    "epoch: 21": 0.10397397442648071,
    "epoch: 22": 0.07934486371141247,
    "epoch: 23": 0.15218731675440722,
    "epoch: 24": 0.1961535148107032,
    "epoch: 25": 0.20692705184501392
  },
  "Val loss history": {
    "epoch: 0": 2.7711968241492286,
    "epoch: 1": 2.641178019606741,
    "epoch: 2": 2.6084511621738784,
    "epoch: 3": 3.1122600514463556,
    "epoch: 4": 3.0756962838077015,
    "epoch: 5": 3.556492335672374,
    "epoch: 6": 4.0524578497334005,
    "epoch: 7": 3.9074248769611586,
    "epoch: 8": 3.774349348646865,
    "epoch: 9": 4.076035517523451,
    "epoch: 10": 4.466556910139843,
    "epoch: 11": 4.351098051810823,
    "epoch: 12": 4.698990023899569,
    "epoch: 13": 4.289401648083185,
    "epoch: 14": 4.67976330001693,
    "epoch: 15": 4.6885991432354786,
    "epoch: 16": 4.410370030708691,
    "epoch: 17": 4.8362023983718245,
    "epoch: 18": 4.536189222076018,
    "epoch: 19": 4.950403704302516,
    "epoch: 20": 4.998753926333393,
    "epoch: 21": 4.994313036787389,
    "epoch: 22": 5.240865251050309,
    "epoch: 23": 4.807681182263195,
    "epoch: 24": 4.99114825023571,
    "epoch: 25": 4.693951030259086
  },
  "Learn rate history": {
    "epoch: 0": 2e-05,
    "epoch: 1": 2e-05,
    "epoch: 2": 1.86e-05,
    "epoch: 3": 1.86e-05,
    "epoch: 4": 1.7298000000000003e-05,
    "epoch: 5": 1.7298000000000003e-05,
    "epoch: 6": 1.6087140000000003e-05,
    "epoch: 7": 1.6087140000000003e-05,
    "epoch: 8": 1.4961040200000004e-05,
    "epoch: 9": 1.4961040200000004e-05,
    "epoch: 10": 1.3913767386000004e-05,
    "epoch: 11": 1.3913767386000004e-05,
    "epoch: 12": 1.2939803668980004e-05,
    "epoch: 13": 1.2939803668980004e-05,
    "epoch: 14": 1.2034017412151404e-05,
    "epoch: 15": 1.2034017412151404e-05,
    "epoch: 16": 1.1191636193300806e-05,
    "epoch: 17": 1.1191636193300806e-05,
    "epoch: 18": 1.040822165976975e-05,
    "epoch: 19": 1.040822165976975e-05,
    "epoch: 20": 9.679646143585868e-06,
    "epoch: 21": 9.679646143585868e-06,
    "epoch: 22": 9.002070913534857e-06,
    "epoch: 23": 9.002070913534857e-06,
    "epoch: 24": 8.371925949587418e-06,
    "epoch: 25": 8.371925949587418e-06
  },
  "Patience set": 10
}