{
  "Seed": 101,
  "Max epochs set": 50,
  "Train stop at epoch (begins at 0)": 18,
  "Learning rate": 2e-05,
  "Validation accuracy history": {
    "epoch: 0": 0.8318798449612403,
    "epoch: 1": 0.8677325581395349,
    "epoch: 2": 0.8607073643410853,
    "epoch: 3": 0.875,
    "epoch: 4": 0.8679748062015504,
    "epoch: 5": 0.8665213178294574,
    "epoch: 6": 0.8665213178294574,
    "epoch: 7": 0.872577519379845,
    "epoch: 8": 0.8800872093023255,
    "epoch: 9": 0.8614341085271318,
    "epoch: 10": 0.8674903100775194,
    "epoch: 11": 0.8604651162790697,
    "epoch: 12": 0.8633720930232558,
    "epoch: 13": 0.8616763565891473,
    "epoch: 14": 0.8602228682170543,
    "epoch: 15": 0.8672480620155039,
    "epoch: 16": 0.8607073643410853,
    "epoch: 17": 0.8708817829457365
  },
  "Train loss history": {
    "epoch: 0": 50.382220113649964,
    "epoch: 1": 12.251726731657982,
    "epoch: 2": 6.094489424605854,
    "epoch: 3": 3.488229458569549,
    "epoch: 4": 2.017705949721858,
    "epoch: 5": 1.3927069459750783,
    "epoch: 6": 1.0644824061309919,
    "epoch: 7": 0.9378931194223696,
    "epoch: 8": 0.7072478373811464,
    "epoch: 9": 0.6811168367567006,
    "epoch: 10": 0.5918967163197522,
    "epoch: 11": 0.4541892255656421,
    "epoch: 12": 0.3844143644855649,
    "epoch: 13": 0.4277396301222325,
    "epoch: 14": 0.3117647625385871,
    "epoch: 15": 0.30788274154474493,
    "epoch: 16": 0.3554422041452199,
    "epoch: 17": 0.2512414221118888
  },
  "Val loss history": {
    "epoch: 0": 2.9576428566360846,
    "epoch: 1": 2.411620212602429,
    "epoch: 2": 2.774209005474404,
    "epoch: 3": 2.8794248731574044,
    "epoch: 4": 3.3829002513775777,
    "epoch: 5": 3.7446456463076174,
    "epoch: 6": 4.0038638780833935,
    "epoch: 7": 3.7415114423092746,
    "epoch: 8": 3.8398217124959046,
    "epoch: 9": 4.417385808769723,
    "epoch: 10": 4.171759264089815,
    "epoch: 11": 4.3496384608370136,
    "epoch: 12": 4.625159596585945,
    "epoch: 13": 4.690806447690875,
    "epoch: 14": 4.784439959201336,
    "epoch: 15": 4.810036611455189,
    "epoch: 16": 4.7318866573978084,
    "epoch: 17": 4.521276569666952
  },
  "Learn rate history": {
    "epoch: 0": 2e-05,
    "epoch: 1": 2e-05,
    "epoch: 2": 2e-05,
    "epoch: 3": 1.86e-05,
    "epoch: 4": 1.86e-05,
    "epoch: 5": 1.7298000000000003e-05,
    "epoch: 6": 1.7298000000000003e-05,
    "epoch: 7": 1.6087140000000003e-05,
    "epoch: 8": 1.6087140000000003e-05,
    "epoch: 9": 1.4961040200000004e-05,
    "epoch: 10": 1.4961040200000004e-05,
    "epoch: 11": 1.3913767386000004e-05,
    "epoch: 12": 1.3913767386000004e-05,
    "epoch: 13": 1.2939803668980004e-05,
    "epoch: 14": 1.2939803668980004e-05,
    "epoch: 15": 1.2034017412151404e-05,
    "epoch: 16": 1.2034017412151404e-05,
    "epoch: 17": 1.1191636193300806e-05
  },
  "Patience set": 10
}